Date,Time,Ax,Ay,Az,Gx,Gy,Gz
2025-02-01,10:28:30,0.00,0.00,0.00,0.00,0.00,0.00
2025-02-01,10:28:30,0.02,-0.03,1.01,0.06,0.00,-0.12
2025-02-01,10:28:30,0.02,-0.03,1.01,-0.12,-0.06,-0.06
2025-02-01,10:28:30,0.02,-0.03,1.01,-0.49,-0.18,-0.12
2025-02-01,10:28:30,0.02,0.09,1.10,41.99,-5.55,32.96
2025-02-01,10:28:30,-0.09,-0.54,0.92,36.74,7.14,12.82
2025-02-01,10:28:30,0.09,-0.16,0.97,-108.52,19.59,-20.14
2025-02-01,10:28:30,0.21,-0.23,0.95,6.23,-6.23,-94.12
2025-02-01,10:28:30,0.04,0.55,0.93,-5.00,4.58,35.52
2025-02-01,10:28:30,0.12,-0.11,1.03,41.87,8.73,-59.75
2025-02-01,10:28:30,0.14,-0.20,0.97,-2.20,-1.71,31.98
2025-02-01,10:28:30,0.10,0.09,1.04,3.72,-4.33,13.79
2025-02-01,10:28:30,0.13,-0.08,1.00,-0.24,5.25,-31.31
2025-02-01,10:28:30,0.12,-0.08,0.96,6.04,-7.63,38.09
2025-02-01,10:28:30,0.07,0.01,1.03,-4.27,-1.65,-28.44
2025-02-01,10:28:30,0.13,-0.27,0.95,-1.95,-5.86,23.80
2025-02-01,10:28:30,0.03,0.19,1.04,-1.71,-1.59,9.52
2025-02-01,10:28:30,0.09,-0.19,0.98,1.10,2.93,-28.75
2025-02-01,10:28:30,0.07,0.14,1.02,2.56,0.24,32.47
2025-02-01,10:28:30,0.10,-0.05,0.99,-0.55,1.53,-33.51
2025-02-01,10:28:30,0.05,-0.10,0.97,4.33,-1.89,38.82
2025-02-01,10:28:30,0.04,0.01,1.02,0.85,-0.85,-23.44
2025-02-01,10:28:30,0.10,-0.22,0.99,-5.31,-5.13,20.32
2025-02-01,10:28:30,0.03,0.08,0.98,-3.91,2.62,-19.84
2025-02-01,10:28:30,0.09,-0.15,0.97,0.79,-0.06,32.90
2025-02-01,10:28:30,0.04,0.05,0.94,-3.60,-1.34,-26.67
2025-02-01,10:28:30,0.09,-0.28,0.98,0.49,-0.92,-11.72
2025-02-01,10:28:30,0.07,0.02,1.00,2.81,0.92,25.21
2025-02-01,10:28:30,0.09,-0.14,0.99,4.88,4.88,-62.74
2025-02-01,10:28:30,0.05,0.08,1.03,9.58,-3.11,59.14
2025-02-01,10:28:30,0.10,-0.32,0.96,2.62,8.12,-101.93
2025-02-01,10:28:30,0.07,0.10,1.04,-1.22,-2.56,47.73
2025-02-01,10:28:30,0.11,-0.31,1.00,-4.76,9.40,-83.80
2025-02-01,10:28:30,0.08,-0.02,1.00,2.32,-9.95,53.28
2025-02-01,10:28:30,0.10,-0.30,0.94,-9.28,8.67,-74.46
2025-02-01,10:28:30,0.05,0.05,1.05,2.56,-11.78,56.64
2025-02-01,10:28:30,0.08,-0.19,0.98,-2.56,13.00,-64.70
2025-02-01,10:28:30,0.04,0.04,1.04,-0.37,-14.89,69.52
2025-02-01,10:28:30,0.05,-0.22,0.99,-1.71,9.52,-67.99
2025-02-01,10:28:30,0.03,0.21,1.07,5.31,-9.52,75.32
2025-02-01,10:28:30,0.07,-0.39,0.99,8.00,4.46,-20.39
2025-02-01,10:28:30,0.01,0.25,1.08,-0.43,-4.76,54.81
2025-02-01,10:28:30,0.09,-0.36,0.99,3.17,2.20,-9.03
2025-02-01,10:28:30,0.08,-0.07,0.96,-1.83,5.25,-11.17
2025-02-01,10:28:30,-0.02,-0.18,0.82,-1.40,22.16,-24.78
2025-02-01,10:28:30,0.08,-0.17,1.01,6.47,11.23,15.99
2025-02-01,10:28:30,0.33,-0.09,0.70,-26.79,2.20,-2.75
2025-02-01,10:28:30,-0.26,-0.21,1.12,-12.45,0.85,10.38
2025-02-01,10:28:30,0.61,-0.25,0.95,1.22,6.59,2.69
2025-02-01,10:28:30,-0.55,-0.38,1.38,-4.64,-26.92,-0.98
2025-02-01,10:28:30,0.58,-0.12,1.05,4.64,-14.34,-7.87
2025-02-01,10:28:30,-0.28,-0.15,0.85,7.20,-6.04,-17.82
2025-02-01,10:28:30,0.41,-0.27,0.90,6.59,33.51,-13.12
2025-02-01,10:28:30,-0.04,0.05,1.03,14.22,-92.16,16.30
2025-02-01,10:28:30,0.19,-0.10,0.91,1.46,26.12,-1.53
2025-02-01,10:28:30,0.07,0.01,0.87,-10.99,-18.43,10.07
2025-02-01,10:28:30,0.06,-0.06,0.90,19.65,21.06,-1.22
2025-02-01,10:28:30,0.25,0.02,0.96,-6.77,-19.10,1.34
2025-02-01,10:28:30,0.04,-0.16,0.98,15.26,11.96,14.53
2025-02-01,10:28:30,0.37,0.02,0.79,-3.66,-26.12,1.22
2025-02-01,10:28:30,-0.05,-0.09,0.85,1.65,45.35,3.97
2025-02-01,10:28:30,0.35,-0.04,0.61,-6.90,-41.87,-10.86
2025-02-01,10:28:30,0.09,-0.14,0.84,0.61,31.07,-0.12
2025-02-01,10:28:30,0.24,0.05,0.69,-32.29,-49.44,-1.77
2025-02-01,10:28:30,0.07,-0.08,1.03,2.50,27.34,8.30
2025-02-01,10:28:30,0.16,-0.06,1.09,-0.55,-77.51,2.38
2025-02-01,10:28:30,0.10,-0.06,0.96,12.02,34.73,18.55
2025-02-01,10:28:30,0.23,-0.06,1.12,-3.17,-75.74,-30.03
2025-02-01,10:28:30,0.07,-0.04,0.98,19.47,34.00,25.33
2025-02-01,10:28:30,0.25,0.01,0.94,15.08,-65.12,-2.81
2025-02-01,10:28:30,0.09,-0.05,0.97,5.68,36.13,20.81
2025-02-01,10:28:30,0.27,-0.09,1.08,5.25,-50.54,-10.86
2025-02-01,10:28:30,0.12,-0.03,0.92,25.51,30.94,25.21
2025-02-01,10:28:30,0.14,-0.04,1.04,-3.97,-54.32,-8.06
2025-02-01,10:28:30,0.14,-0.12,0.80,-2.99,42.18,-5.86
2025-02-01,10:28:30,-0.06,-0.00,0.72,-8.61,-44.43,-5.25
2025-02-01,10:28:30,0.32,-0.16,0.94,20.63,28.44,-2.93
2025-02-01,10:28:30,-0.31,-0.11,0.97,-5.55,-34.00,-32.23
2025-02-01,10:28:30,0.36,-0.14,0.95,18.19,26.79,2.14
2025-02-01,10:28:30,-0.34,-0.31,1.24,12.88,-63.48,-29.97
2025-02-01,10:28:30,0.57,-0.13,0.87,12.45,27.04,-28.93
2025-02-01,10:28:30,-0.49,-0.21,0.90,-11.96,-31.62,-34.18
2025-02-01,10:28:30,0.60,-0.18,1.09,17.52,1.59,-29.66
2025-02-01,10:28:30,-0.35,-0.00,1.03,27.89,-0.37,21.00
2025-02-01,10:28:30,0.55,-0.30,1.22,6.71,-11.05,-18.31
2025-02-01,10:28:30,-0.59,-0.24,1.22,-5.62,15.69,12.39
2025-02-01,10:28:30,0.61,-0.25,0.78,-5.49,6.10,24.48
2025-02-01,10:28:30,-0.28,-0.10,1.02,3.72,26.73,34.97
2025-02-01,10:28:30,0.45,-0.38,0.99,-27.71,-41.02,-33.81
2025-02-01,10:28:30,-0.26,-0.19,1.21,10.19,23.93,41.81
2025-02-01,10:28:30,0.44,-0.14,0.86,-12.21,-30.15,12.82
2025-02-01,10:28:30,-0.13,0.03,0.83,3.91,57.68,29.97
2025-02-01,10:28:30,0.37,-0.05,0.97,-10.50,-36.13,3.30
2025-02-01,10:28:30,0.08,0.01,0.95,15.32,35.58,36.93
2025-02-01,10:28:30,0.34,-0.08,0.75,-5.43,-77.82,1.71
2025-02-01,10:28:30,0.09,0.04,1.08,6.53,13.06,-2.99
2025-02-01,10:28:30,0.25,-0.04,1.06,-3.54,0.37,17.52
2025-02-01,10:28:30,0.14,0.10,1.02,11.17,28.44,22.95
2025-02-01,10:28:30,0.29,0.16,0.55,6.47,17.70,25.57
2025-02-01,10:28:30,0.26,0.12,0.86,12.94,33.63,6.84
2025-02-01,10:28:30,0.19,-0.04,1.04,13.92,-45.23,15.93
2025-02-01,10:28:30,0.39,-0.22,0.86,2.81,30.58,-21.18
2025-02-01,10:28:30,-0.03,-0.02,1.08,-2.99,-50.96,-0.12
2025-02-01,10:28:30,0.41,-0.15,0.98,-5.00,7.93,-41.32
2025-02-01,10:28:30,-0.39,-0.47,1.06,-1.53,-36.44,-76.23
2025-02-01,10:28:30,0.46,-0.14,0.90,25.27,8.79,-32.29
2025-02-01,10:28:30,-0.25,-0.27,0.94,-25.27,-12.70,-15.20
2025-02-01,10:28:30,0.46,-0.16,1.00,24.41,16.48,-32.29
2025-02-01,10:28:30,-0.43,-0.33,1.24,5.74,-29.36,-0.55
2025-02-01,10:28:30,0.53,-0.26,0.98,-6.84,0.12,-15.93
2025-02-01,10:28:30,-0.55,-0.40,1.15,34.85,-2.08,40.59
2025-02-01,10:28:30,0.52,-0.32,0.88,-26.43,15.81,-2.75
2025-02-01,10:28:30,-0.25,-0.14,1.16,0.73,16.66,27.71
2025-02-01,10:28:30,0.40,-0.26,1.02,-42.54,-37.11,-30.88
2025-02-01,10:28:30,-0.11,-0.05,0.86,-16.48,34.67,24.35
2025-02-01,10:28:30,0.31,-0.08,0.71,-8.67,-30.70,-20.02
2025-02-01,10:28:30,0.15,0.03,0.91,2.69,38.82,40.95
2025-02-01,10:28:30,0.01,-0.11,0.85,5.55,-7.69,-6.35
2025-02-01,10:28:30,0.35,-0.08,0.96,16.17,19.71,-19.47
2025-02-01,10:28:30,-0.34,-0.14,0.96,12.76,-3.66,1.53
2025-02-01,10:28:30,0.47,-0.20,0.95,11.78,-6.90,-17.09
2025-02-01,10:28:30,-0.55,-0.26,1.10,-1.04,-18.68,-20.20
2025-02-01,10:28:30,0.29,-0.47,1.24,-2.99,24.78,-20.14
2025-02-01,10:28:30,-0.29,-0.35,2.12,11.54,17.58,0.73
2025-02-01,10:28:30,0.16,0.04,0.39,14.77,-80.69,-15.20
2025-02-01,10:28:30,-0.12,-0.19,1.00,-15.81,125.79,32.47
2025-02-01,10:28:30,-0.08,-0.33,1.63,12.63,-93.69,-22.95
2025-02-01,10:28:30,0.22,-0.04,0.15,-1.04,14.16,9.89
2025-02-01,10:28:30,-0.15,-0.26,1.49,-28.81,84.96,16.97
2025-02-01,10:28:30,-0.03,-0.16,1.04,20.51,-92.53,-37.35
2025-02-01,10:28:30,0.14,-0.11,0.40,-1.83,66.59,7.81
2025-02-01,10:28:30,-0.22,-0.33,1.88,-18.07,53.65,18.74
2025-02-01,10:28:30,-0.06,-0.18,0.97,19.71,-113.65,-24.48
2025-02-01,10:28:30,0.11,-0.09,0.35,-3.54,74.65,8.79
2025-02-01,10:28:30,-0.21,-0.21,1.89,-9.70,52.86,21.30
2025-02-01,10:28:30,-0.07,-0.17,0.85,9.28,-116.33,-31.37
2025-02-01,10:28:30,0.13,0.05,0.23,5.62,69.70,24.05
2025-02-01,10:28:30,-0.15,-0.28,1.70,-19.90,63.54,12.08
2025-02-01,10:28:30,-0.04,-0.19,0.93,15.69,-114.26,-28.69
2025-02-01,10:28:30,0.15,-0.03,0.28,0.31,62.01,10.50
2025-02-01,10:28:30,-0.24,-0.23,2.13,-12.27,52.49,22.34
2025-02-01,10:28:30,0.01,-0.19,0.89,10.56,-86.06,-16.85
2025-02-01,10:28:30,0.12,-0.09,0.35,-9.64,83.86,7.39
2025-02-01,10:28:30,-0.26,-0.28,2.25,-2.20,14.10,-0.49
2025-02-01,10:28:30,0.04,-0.05,0.86,10.56,-107.48,-21.30
2025-02-01,10:28:30,0.12,-0.02,0.23,15.69,69.70,2.93
2025-02-01,10:28:30,-0.17,-0.21,1.55,-25.27,94.24,8.24
2025-02-01,10:28:30,-0.03,-0.08,1.10,25.70,-111.08,-28.69
2025-02-01,10:28:30,0.20,-0.08,0.30,0.98,34.55,7.75
2025-02-01,10:28:30,-0.12,-0.17,1.48,-13.18,71.72,5.49
2025-02-01,10:28:30,0.01,-0.17,0.79,13.98,-92.65,-30.33
2025-02-01,10:28:30,0.14,-0.05,0.29,7.63,55.42,10.68
2025-02-01,10:28:30,-0.14,-0.12,1.54,-10.93,68.85,6.10
2025-02-01,10:28:30,-0.07,-0.11,0.97,17.03,-108.15,-16.05
2025-02-01,10:28:30,0.14,-0.07,0.25,9.58,45.47,10.93
2025-02-01,10:28:30,-0.17,-0.26,1.67,-25.82,74.58,14.28
2025-02-01,10:28:30,-0.04,-0.19,1.02,5.68,-90.64,-11.96
2025-02-01,10:28:30,0.14,0.01,0.32,-4.15,48.58,16.97
2025-02-01,10:28:30,-0.18,-0.26,1.50,-31.01,89.42,18.19
2025-02-01,10:28:30,-0.06,-0.10,1.17,19.41,-110.05,-36.07
2025-02-01,10:28:30,0.18,-0.00,0.28,-2.01,21.24,2.99
2025-02-01,10:28:30,-0.09,-0.19,1.18,-15.20,84.23,25.88
2025-02-01,10:28:30,-0.10,-0.27,1.57,25.76,-85.14,-31.31
2025-02-01,10:28:30,0.20,0.06,0.19,11.78,-29.30,-3.17
2025-02-01,10:28:30,-0.06,-0.12,0.80,-40.41,88.26,29.48
2025-02-01,10:28:30,-0.12,-0.28,1.83,17.15,-52.55,-20.45
2025-02-01,10:28:30,0.04,0.04,0.40,17.52,-76.72,-16.60
2025-02-01,10:28:30,0.07,0.03,0.53,-12.76,80.51,18.01
2025-02-01,10:28:30,-0.14,-0.30,2.04,5.25,-10.68,-0.79
2025-02-01,10:28:30,0.02,-0.02,0.65,18.55,-103.27,-23.99
2025-02-01,10:28:30,0.19,0.08,0.27,-6.16,72.75,23.07
2025-02-01,10:28:30,-0.12,-0.17,1.46,-18.74,81.30,11.35
2025-02-01,10:28:30,0.01,-0.16,1.15,13.18,-90.70,-24.54
2025-02-01,10:28:30,0.21,0.06,0.21,4.76,8.91,3.42
2025-02-01,10:28:30,-0.08,-0.15,0.98,-32.96,115.91,28.99
2025-02-01,10:28:30,-0.13,-0.15,1.77,0.73,-84.05,-24.11
2025-02-01,10:28:30,0.12,0.08,0.34,12.21,-64.15,-9.70
2025-02-01,10:28:30,-0.04,-0.08,0.79,-22.95,96.50,14.47
2025-02-01,10:28:30,-0.20,-0.19,2.04,23.93,-15.08,-8.06
2025-02-01,10:28:30,-0.02,-0.01,0.88,19.29,-92.77,-12.51
2025-02-01,10:28:30,0.14,-0.04,0.42,-9.89,59.27,7.14
2025-02-01,10:28:30,-0.01,-0.09,1.24,-17.82,71.72,8.48
2025-02-01,10:28:30,-0.11,-0.15,1.42,16.36,-86.36,-24.35
2025-02-01,10:28:30,0.07,-0.05,0.75,-5.68,14.89,10.13
2025-02-01,10:28:30,-0.07,-0.07,1.32,2.32,10.68,5.62
2025-02-01,10:28:30,-0.00,-0.03,1.00,-2.01,-2.08,-3.91
2025-02-01,10:28:30,-0.02,-0.03,1.01,1.59,-0.31,-2.75
2025-02-01,10:28:30,-0.02,-0.05,0.99,-1.22,-1.40,-2.14
2025-02-01,10:28:30,0.01,-0.02,1.01,0.00,-0.49,-0.24
2025-02-01,10:28:30,0.02,-0.19,1.08,88.68,19.53,22.22
2025-02-01,10:28:30,0.10,-0.57,1.06,269.35,-22.46,34.00
2025-02-01,10:28:30,-0.06,-1.27,-0.19,-149.90,-20.20,-12.15
2025-02-01,10:28:30,0.19,0.71,0.82,-231.45,-24.60,8.18
2025-02-01,10:28:30,0.17,0.14,0.86,350.77,-12.27,-49.74
2025-02-01,10:28:30,0.08,-0.86,-0.72,148.38,-0.43,-26.79
2025-02-01,10:28:30,0.17,-0.65,0.54,-427.31,34.91,7.63
2025-02-01,10:28:30,0.18,0.93,0.39,-92.77,-7.39,10.50
2025-02-01,10:28:30,0.12,-0.25,0.98,356.20,-3.85,-11.96
2025-02-01,10:28:30,0.07,-1.02,-0.20,127.50,-9.95,-9.09
2025-02-01,10:28:30,0.10,-0.49,0.81,-275.82,22.58,10.19
2025-02-01,10:28:30,0.18,0.72,0.65,2.75,1.53,0.31
2025-02-01,10:28:30,0.10,-0.89,0.56,163.94,5.49,-18.07
2025-02-01,10:28:30,0.12,-0.53,0.78,-397.46,15.50,-4.09
2025-02-01,10:28:30,0.14,0.98,0.19,-1.59,0.73,-0.37
2025-02-01,10:28:30,0.13,-0.18,0.99,225.71,-6.96,-7.14
2025-02-01,10:28:30,0.04,-0.96,0.45,-153.08,20.08,0.31
2025-02-01,10:28:30,0.17,0.73,0.61,-202.88,8.85,11.78
2025-02-01,10:28:30,0.16,0.36,0.88,318.66,-8.97,-2.87
2025-02-01,10:28:30,0.06,-1.03,0.28,22.71,-11.47,-7.93
2025-02-01,10:28:30,0.20,-0.01,0.96,-214.36,11.11,17.82
2025-02-01,10:28:30,0.24,0.17,0.86,123.60,-7.45,-2.32
2025-02-01,10:28:30,0.22,-0.03,0.90,-3.05,30.88,6.71
2025-02-01,10:28:30,0.15,0.44,0.87,-126.16,7.32,10.74
2025-02-01,10:28:30,0.12,0.96,0.31,12.15,-0.24,-2.56
2025-02-01,10:28:30,0.10,-0.83,0.36,183.11,15.81,-4.21
2025-02-01,10:28:30,0.10,-0.89,0.40,-218.99,19.35,14.22
2025-02-01,10:28:30,0.16,0.76,0.79,-25.70,-38.70,47.06
2025-02-01,10:28:30,0.13,-0.56,0.87,168.88,-4.27,23.13
2025-02-01,10:28:30,0.17,-0.99,0.26,-71.72,6.77,-7.32
2025-02-01,10:28:30,0.21,0.49,0.87,-191.35,0.98,-14.95
2025-02-01,10:28:30,0.20,-0.11,1.05,316.83,3.97,-8.36
2025-02-01,10:28:30,0.23,-0.87,0.56,-53.83,0.37,-9.89
2025-02-01,10:28:30,0.23,0.28,0.93,-196.04,-18.74,10.07
2025-02-01,10:28:30,0.20,-0.38,0.81,268.55,8.79,-60.18
2025-02-01,10:28:30,0.16,-0.87,0.56,-246.64,25.88,9.03
2025-02-01,10:28:30,0.24,-0.05,0.96,-53.59,22.89,-15.56
2025-02-01,10:28:30,0.13,-1.01,0.03,-40.95,12.82,3.17
2025-02-01,10:28:30,0.13,-1.00,0.23,-7.51,0.06,3.91
2025-02-01,10:28:30,0.20,-0.16,0.99,-196.78,19.04,-2.99
2025-02-01,10:28:30,0.20,0.47,0.87,-3.60,1.34,-1.71
2025-02-01,10:28:30,0.19,-0.67,0.77,335.75,-23.01,-1.83
2025-02-01,10:28:30,0.10,-1.03,0.07,-204.65,3.66,10.80
2025-02-01,10:28:30,0.14,0.63,0.88,-142.15,-5.68,23.93
2025-02-01,10:28:30,0.13,-0.20,0.94,331.48,19.10,14.47
2025-02-01,10:28:30,0.18,-0.96,-0.24,80.87,-4.94,6.10
2025-02-01,10:28:30,0.20,-0.95,-0.03,-128.85,5.07,14.34
2025-02-01,10:28:30,0.24,0.50,0.81,-40.34,5.25,11.96
2025-02-01,10:28:30,0.22,0.36,0.98,6.16,-17.94,-18.43
2025-02-01,10:28:30,0.27,0.56,0.79,1.89,-4.58,-2.01
2025-02-01,10:28:30,0.21,-0.28,1.02,483.46,-48.77,4.46
2025-02-01,10:28:30,0.08,-0.97,-0.07,-18.37,6.84,4.21
2025-02-01,10:28:30,0.08,-1.01,0.10,-3.72,1.28,1.04
2025-02-01,10:28:30,0.08,-0.99,0.14,-11.05,-1.53,-1.28
2025-02-01,10:28:30,0.05,-0.75,0.93,-258.00,8.67,-15.38
2025-02-01,10:28:30,0.84,0.33,0.10,12.76,132.45,144.04
2025-02-01,10:28:30,0.05,-0.09,1.14,33.45,-325.13,-80.63
2025-02-01,10:28:30,-0.80,-0.17,0.82,-13.37,-46.14,-19.53
2025-02-01,10:28:30,-0.51,-0.21,0.64,16.48,47.06,3.72
2025-02-01,10:28:30,0.34,0.24,0.37,-78.74,240.42,147.03
2025-02-01,10:28:30,0.82,0.25,0.21,46.69,-105.41,-30.76
2025-02-01,10:28:30,-0.26,-0.44,0.47,-66.53,-45.59,-109.92
2025-02-01,10:28:30,-0.87,-0.27,0.97,8.91,86.61,60.67
2025-02-01,10:28:30,0.45,0.08,1.00,-3.91,147.64,77.45
2025-02-01,10:28:30,0.83,0.30,-0.46,-98.94,78.49,-19.59
2025-02-01,10:28:30,0.57,0.11,0.94,160.10,-273.50,-145.81
2025-02-01,10:28:30,0.10,-0.17,0.97,38.21,-75.99,-87.52
2025-02-01,10:28:30,-0.68,-0.39,1.01,-22.16,-3.17,9.46
2025-02-01,10:28:30,0.46,0.23,0.76,-99.98,120.97,81.36
2025-02-01,10:28:30,0.85,0.44,-0.28,-67.02,42.79,4.76
2025-02-01,10:28:30,0.25,-0.22,1.05,-24.48,-259.34,-155.46
2025-02-01,10:28:30,-0.08,-0.19,0.95,-10.44,19.17,-16.72
2025-02-01,10:28:30,-0.53,-0.16,1.30,-62.13,45.29,29.85
2025-02-01,10:28:30,-0.25,-0.07,0.94,-1.65,1.22,1.28
2025-02-01,10:28:30,0.71,0.09,0.52,-73.06,208.98,14.83
2025-02-01,10:28:30,0.91,0.38,-0.10,3.60,-19.59,10.25
2025-02-01,10:28:30,0.93,0.33,0.17,19.71,-50.66,-14.47
2025-02-01,10:28:30,-0.81,-0.25,1.55,43.03,-233.34,3.30
2025-02-01,10:28:30,-0.56,-0.15,0.85,0.79,9.70,4.15
2025-02-01,10:28:30,-0.50,-0.12,0.85,-3.05,1.95,0.24
2025-02-01,10:28:30,-0.50,-0.32,1.11,-4.76,43.46,34.97
2025-02-01,10:28:30,0.78,0.39,0.67,-15.75,158.75,-11.78
2025-02-01,10:28:30,0.88,-0.01,0.34,59.39,-105.41,-21.91
2025-02-01,10:28:30,0.56,0.03,0.84,-1.65,-35.77,5.80
2025-02-01,10:28:30,0.26,0.28,1.06,26.06,-33.75,0.61
2025-02-01,10:28:30,0.19,0.22,1.02,32.41,-3.48,1.10
2025-02-01,10:28:30,0.16,0.05,1.02,22.64,0.31,3.78
2025-02-01,10:28:30,0.15,-0.03,1.02,-1.22,5.62,-3.05
2025-02-01,10:28:30,0.37,0.05,1.03,-45.65,188.17,20.45
2025-02-01,10:28:30,0.91,0.25,-0.24,-1.71,127.75,48.28
2025-02-01,10:28:30,0.40,0.22,-0.85,8.12,47.30,5.80
2025-02-01,10:28:30,0.67,0.14,0.01,30.33,-362.73,-36.50
2025-02-01,10:28:30,-0.62,-0.42,0.75,21.97,-221.31,-45.35
2025-02-01,10:28:30,-0.98,-0.52,0.88,-81.24,137.51,88.26
2025-02-01,10:28:30,0.77,0.07,0.55,-80.87,234.44,-9.95
2025-02-01,10:28:30,0.77,0.41,-0.65,-41.50,60.06,44.74
2025-02-01,10:28:30,0.56,0.31,-0.73,131.16,-233.64,-166.56
2025-02-01,10:28:30,-0.29,-0.07,0.40,-34.55,-86.98,-42.60
2025-02-01,10:28:30,-0.84,0.12,0.30,-100.59,287.23,165.95
2025-02-01,10:28:30,0.84,0.44,-0.04,70.86,273.25,49.26
2025-02-01,10:28:30,0.81,0.23,-0.71,-7.93,36.01,8.85
2025-02-01,10:28:30,0.78,0.16,-0.50,119.26,-153.56,-177.98
2025-02-01,10:28:30,-0.14,-0.43,0.62,-73.00,-185.79,-36.32
2025-02-01,10:28:30,-0.87,-0.16,0.40,-13.00,147.16,35.03
2025-02-01,10:28:30,0.70,0.20,0.45,-12.39,207.95,-1.65
2025-02-01,10:28:30,0.80,0.14,-0.57,-29.48,67.99,-13.85
2025-02-01,10:28:30,0.81,0.15,-0.63,71.72,-107.48,-45.10
2025-02-01,10:28:30,-0.05,0.00,1.05,-12.39,-197.39,39.73
2025-02-01,10:28:30,-0.78,-0.28,0.66,-10.93,-29.24,-31.86
2025-02-01,10:28:30,0.41,0.37,0.83,38.94,252.56,-11.35
2025-02-01,10:28:30,0.80,0.30,-0.54,-17.76,108.22,15.81
2025-02-01,10:28:30,0.47,0.24,-0.94,23.25,-10.31,-10.56
2025-02-01,10:28:30,0.34,-0.11,0.80,1.89,-210.45,-58.84
2025-02-01,10:28:30,-0.39,-0.29,1.11,28.75,17.15,-5.25
2025-02-01,10:28:30,0.87,-0.13,0.40,-2.26,154.17,47.73
2025-02-01,10:28:30,0.93,0.10,-0.52,18.55,57.37,18.55
2025-02-01,10:28:30,0.71,0.03,-0.57,3.54,46.39,32.29
2025-02-01,10:28:30,0.39,0.13,-1.06,-5.43,2.14,-10.80
2025-02-01,10:28:30,0.86,-0.08,-0.15,-81.18,-168.88,-45.04
2025-02-01,10:28:30,-0.01,-0.21,1.05,-21.42,-87.28,-22.52
2025-02-01,10:28:30,0.19,-0.02,0.79,44.86,324.46,10.13
2025-02-01,10:28:30,0.51,0.57,-0.88,20.45,154.72,80.51
2025-02-01,10:28:30,0.27,0.23,-1.08,-0.79,-66.04,-56.09
2025-02-01,10:28:30,0.30,-0.14,1.02,-26.06,-252.56,-10.44
2025-02-01,10:28:30,-0.27,-0.10,1.25,17.64,196.90,27.59
2025-02-01,10:28:30,0.66,0.21,-0.75,0.79,248.90,91.43
2025-02-01,10:28:30,0.25,0.30,-1.09,-4.03,-92.04,-0.18
2025-02-01,10:28:30,0.51,-0.08,0.67,-42.54,-316.10,-71.66
2025-02-01,10:28:30,-0.25,0.04,1.32,10.44,45.23,4.15
2025-02-01,10:28:30,0.80,0.16,-0.34,67.69,146.61,77.94
2025-02-01,10:28:30,0.35,0.57,-0.79,86.55,22.52,17.09
2025-02-01,10:28:30,0.77,0.37,-0.38,-5.98,-147.89,-118.23
2025-02-01,10:28:30,-0.01,-0.31,1.18,-73.97,-178.22,-32.84
2025-02-01,10:28:30,0.36,-0.26,0.72,106.87,316.53,-36.25
2025-02-01,10:28:30,0.42,0.34,-0.76,-5.37,72.45,25.63
2025-02-01,10:28:30,0.22,0.73,-0.94,100.77,-127.93,-73.06
2025-02-01,10:28:30,0.63,-0.24,0.71,-94.36,-187.38,-98.57
2025-02-01,10:28:30,-0.14,0.02,1.06,-13.12,-22.95,9.77
2025-02-01,10:28:30,-0.24,-0.02,1.07,38.27,23.74,11.78
2025-02-01,10:28:30,0.81,-0.45,0.27,-100.22,113.77,44.49
2025-02-01,10:28:30,0.61,-0.21,-0.54,21.97,96.44,19.23
2025-02-01,10:28:30,0.20,0.13,-1.11,-13.06,-145.87,-80.63
2025-02-01,10:28:30,0.48,-0.22,0.59,-68.18,-333.50,81.48
2025-02-01,10:28:30,-0.42,0.44,1.44,52.98,37.41,-56.34
2025-02-01,10:28:30,0.73,0.09,-0.54,139.53,205.08,87.65
2025-02-01,10:28:30,0.01,0.43,-1.07,-11.84,2.69,-9.64
2025-02-01,10:28:30,0.73,0.17,0.34,67.99,-273.50,-32.23
2025-02-01,10:28:30,-0.41,0.24,1.16,-20.51,-43.46,-4.33
2025-02-01,10:28:30,0.60,-0.32,0.19,218.51,303.28,-127.56
2025-02-01,10:28:30,-0.06,0.17,-1.03,13.92,61.71,29.24
2025-02-01,10:28:30,0.60,0.10,-0.58,-122.92,-281.37,-31.98
2025-02-01,10:28:30,-0.59,0.19,0.86,-52.06,-136.72,7.45
2025-02-01,10:28:30,0.52,-0.13,0.48,272.16,353.09,30.15
2025-02-01,10:28:30,0.22,0.37,-0.97,16.72,81.36,60.12
2025-02-01,10:28:30,0.05,0.64,-0.92,-19.23,-60.24,-106.38
2025-02-01,10:28:30,0.94,0.14,0.01,-70.01,-110.96,-9.89
2025-02-01,10:28:30,-0.12,0.22,1.10,8.79,-151.86,24.11
2025-02-01,10:28:30,-0.40,0.28,0.87,7.20,1.53,-14.28
2025-02-01,10:28:30,0.71,-0.28,0.17,94.73,271.06,7.08
2025-02-01,10:28:30,0.03,-0.01,-0.99,1.04,71.78,12.39
2025-02-01,10:28:30,0.42,-0.11,-0.80,-25.88,-200.50,-46.02
2025-02-01,10:28:30,0.58,0.04,0.86,-47.42,-247.44,42.05
2025-02-01,10:28:30,-0.42,0.32,1.15,-5.25,21.55,17.03
2025-02-01,10:28:30,0.79,-0.23,0.04,53.47,237.00,-12.82
2025-02-01,10:28:30,0.27,0.46,-0.86,31.25,78.43,2.14
2025-02-01,10:28:30,0.01,0.47,-0.95,-29.54,-32.59,-34.85
2025-02-01,10:28:30,0.86,-0.01,0.02,-95.15,-231.81,-23.38
2025-02-01,10:28:30,-0.38,0.35,1.20,-33.51,-64.09,86.67
2025-02-01,10:28:30,0.64,-0.05,0.26,101.50,324.77,-38.76
2025-02-01,10:28:30,0.05,0.22,-1.02,23.32,44.49,12.02
2025-02-01,10:28:30,0.70,-0.21,-0.61,-70.01,-177.12,-105.83
2025-02-01,10:28:30,0.01,-0.14,1.07,-125.18,-109.31,27.71
2025-02-01,10:28:30,-0.11,0.21,0.96,5.92,15.38,-13.49
2025-02-01,10:28:30,-0.10,-0.27,1.04,275.76,36.62,-15.14
2025-02-01,10:28:30,-0.12,-1.27,0.48,-391.11,87.28,-133.67
2025-02-01,10:28:30,0.31,0.63,0.54,-226.32,-18.68,36.80
2025-02-01,10:28:30,0.08,-0.65,0.82,316.47,-54.57,-69.52
2025-02-01,10:28:30,-0.01,-1.03,-0.55,-136.29,12.70,-7.20
2025-02-01,10:28:30,0.16,0.91,0.54,-258.42,2.62,12.27
2025-02-01,10:28:30,0.23,-0.15,0.55,367.80,39.79,-15.69
2025-02-01,10:28:30,-0.07,-1.26,-0.33,-263.43,26.92,35.22
2025-02-01,10:28:30,0.14,1.02,0.25,-183.96,-5.49,3.54
2025-02-01,10:28:30,0.16,-0.57,0.69,216.67,3.05,-53.22
2025-02-01,10:28:30,-0.02,-1.10,-0.02,-400.70,48.71,31.56
2025-02-01,10:28:30,0.21,1.02,0.35,-96.13,-31.43,32.10
2025-02-01,10:28:30,0.20,-0.52,0.55,339.11,-42.24,-41.50
2025-02-01,10:28:30,-0.05,-1.09,0.04,-404.91,36.25,34.97
2025-02-01,10:28:30,0.23,1.05,0.23,-100.71,-10.07,40.47
2025-02-01,10:28:30,0.17,-0.51,0.60,366.09,-0.37,29.17
2025-02-01,10:28:30,0.18,-0.73,0.40,-493.23,0.55,33.69
2025-02-01,10:28:30,0.23,1.31,0.36,14.53,-8.06,16.48
2025-02-01,10:28:30,0.19,-0.80,0.41,270.87,5.55,-22.89
2025-02-01,10:28:30,0.14,-0.79,0.48,-511.72,1.53,49.93
2025-02-01,10:28:30,0.31,1.20,0.17,52.61,0.61,0.31
2025-02-01,10:28:30,0.22,-0.73,0.27,285.58,26.06,-20.94
2025-02-01,10:28:30,0.13,-0.58,0.80,-475.34,43.52,46.14
2025-02-01,10:28:30,0.24,1.23,-0.07,55.91,6.96,4.46
2025-02-01,10:28:30,0.20,-0.75,0.49,253.11,-6.90,-3.78
2025-02-01,10:28:30,0.16,-0.62,0.75,-453.00,45.90,10.68
2025-02-01,10:28:30,0.24,1.17,0.09,-26.86,-8.06,21.18
2025-02-01,10:28:30,0.20,-0.73,0.37,293.27,4.15,-8.54
2025-02-01,10:28:30,0.21,-0.37,0.81,-489.26,34.61,37.29
2025-02-01,10:28:30,0.35,1.15,-0.02,2.81,-5.07,-2.99
2025-02-01,10:28:30,0.08,-0.94,0.24,254.27,4.58,-52.92
2025-02-01,10:28:30,0.38,0.10,0.67,-358.09,115.11,38.45
2025-02-01,10:28:30,0.25,1.23,0.18,95.52,-23.99,-31.86
2025-02-01,10:28:30,0.02,-1.52,-0.33,57.68,-8.36,-82.82
2025-02-01,10:28:30,0.41,0.46,-0.21,-293.09,63.42,196.23
2025-02-01,10:28:30,0.34,-0.01,0.68,515.01,-128.23,-60.85
2025-02-01,10:28:30,0.11,-1.18,-0.23,-206.36,24.23,65.43
2025-02-01,10:28:30,0.19,1.16,-0.07,-123.78,21.00,65.25
2025-02-01,10:28:30,0.21,-0.44,0.64,336.36,-9.95,-82.21
2025-02-01,10:28:30,0.07,-0.68,0.96,-438.66,125.73,10.13
2025-02-01,10:28:30,0.13,1.14,-0.15,86.36,-20.02,-18.25
2025-02-01,10:28:30,0.08,-0.83,0.36,338.99,-13.12,-11.29
2025-02-01,10:28:30,0.18,-0.34,0.66,-403.56,94.85,86.18
2025-02-01,10:28:30,0.18,1.18,0.18,350.65,7.81,-68.79
2025-02-01,10:28:30,0.06,-1.21,-0.18,25.76,3.30,-17.15
2025-02-01,10:28:30,0.25,1.37,0.49,-292.30,-31.80,146.97
2025-02-01,10:28:30,0.21,0.57,0.48,477.11,39.61,-129.46
2025-02-01,10:28:30,0.08,-1.15,-0.40,-47.30,-16.05,-22.58
2025-02-01,10:28:30,0.28,0.75,-0.07,-312.38,33.87,54.38
2025-02-01,10:28:30,0.28,0.02,0.77,446.78,-10.07,4.88
2025-02-01,10:28:30,0.02,-1.34,-0.33,-167.24,32.41,47.73
2025-02-01,10:28:30,0.17,1.00,0.06,-92.29,33.51,87.10
2025-02-01,10:28:30,0.37,-0.06,0.49,356.87,48.22,-61.22
2025-02-01,10:28:30,0.04,-1.23,-0.15,-248.35,28.38,93.26
2025-02-01,10:28:30,0.17,1.29,-0.18,-66.53,2.20,78.98
2025-02-01,10:28:30,0.21,-0.33,0.38,384.16,-21.85,-112.55
2025-02-01,10:28:30,-0.07,-0.85,0.27,-459.96,54.38,100.83
2025-02-01,10:28:30,0.19,1.32,-0.17,-70.19,6.96,22.09
2025-02-01,10:28:30,0.24,-0.68,0.62,345.95,-50.90,-43.58
2025-02-01,10:28:30,0.21,-0.41,0.88,-514.71,71.11,15.01
2025-02-01,10:28:30,0.03,1.39,-0.43,30.58,4.09,9.70
2025-02-01,10:28:30,0.12,-0.84,0.00,269.59,44.86,-112.98
2025-02-01,10:28:30,0.32,0.17,0.56,-442.38,101.26,112.79
2025-02-01,10:28:30,0.23,1.12,0.14,251.65,-20.14,-73.12
2025-02-01,10:28:30,-0.03,-1.22,-0.18,133.48,18.01,-59.57
2025-02-01,10:28:30,0.39,0.07,0.43,-285.58,68.60,66.22
2025-02-01,10:28:30,0.10,1.24,0.39,583.19,88.75,-70.31
2025-02-01,10:28:30,0.13,-1.09,-0.35,85.57,37.17,-1.65
2025-02-01,10:28:30,0.39,0.23,0.22,-404.48,98.08,80.26
2025-02-01,10:28:30,0.19,0.88,0.14,455.02,17.15,-140.62
2025-02-01,10:28:30,-0.04,-1.26,-0.31,44.13,-4.21,-28.32
2025-02-01,10:28:30,0.37,1.21,0.18,-402.71,-15.01,87.77
2025-02-01,10:28:30,0.24,-0.08,0.81,395.20,-36.80,-34.91
2025-02-01,10:28:30,0.01,-1.24,-0.18,-262.76,6.77,20.08
2025-02-01,10:28:30,0.09,1.17,-0.04,-115.36,40.04,61.77
2025-02-01,10:28:30,0.30,-0.10,0.92,372.92,-21.48,0.92
2025-02-01,10:28:30,-0.05,-0.95,0.52,-596.07,21.12,-0.31
2025-02-01,10:28:30,0.21,1.07,-0.11,10.62,12.82,2.01
2025-02-01,10:28:30,0.27,-0.65,0.54,385.50,-8.67,-29.60
2025-02-01,10:28:30,0.16,-0.70,0.69,-149.17,-46.51,95.21
2025-02-01,10:28:30,0.24,0.92,-0.18,-85.63,44.25,27.34
2025-02-01,10:28:30,0.35,-0.33,0.48,433.84,50.42,-14.04
2025-02-01,10:28:30,0.19,-1.01,0.02,-196.59,13.31,114.75
2025-02-01,10:28:30,0.24,1.06,-0.26,-108.46,-20.26,81.48
2025-02-01,10:28:30,0.24,-0.32,0.72,339.78,15.38,-19.29
2025-02-01,10:28:30,0.22,-0.62,0.59,-553.22,22.16,23.07
2025-02-01,10:28:30,0.13,1.09,-0.41,22.22,-3.54,16.97
2025-02-01,10:28:30,0.22,-0.67,0.34,406.01,-10.68,-21.73
2025-02-01,10:28:30,0.19,-0.09,0.60,-472.60,54.69,84.84
2025-02-01,10:28:30,0.07,1.18,-0.39,116.09,-18.25,-27.83
2025-02-01,10:28:30,0.13,-1.58,-0.29,165.47,50.11,-6.29
2025-02-01,10:28:30,0.19,0.56,0.43,-358.89,29.85,-25.94
2025-02-01,10:28:30,0.08,1.05,0.06,575.50,11.35,-88.32
2025-02-01,10:28:30,0.15,-1.13,-0.07,-115.91,12.88,-13.06
2025-02-01,10:28:30,0.08,0.99,-0.50,-126.46,26.73,33.63
2025-02-01,10:28:30,0.27,-0.41,0.72,399.05,25.57,-84.05
2025-02-01,10:28:30,0.26,0.21,0.75,-461.79,0.12,3.05
2025-02-01,10:28:30,0.09,1.32,-0.10,497.80,10.13,-73.67
2025-02-01,10:28:30,0.18,-1.10,0.29,-83.50,-6.65,-9.83
2025-02-01,10:28:30,-0.08,0.66,-0.35,-298.65,-36.74,39.37
2025-02-01,10:28:30,0.21,0.15,0.64,407.90,66.41,-40.95
2025-02-01,10:28:30,0.23,-0.84,0.44,-426.45,-9.77,-24.72
2025-02-01,10:28:30,-0.02,1.06,-0.47,-101.68,18.37,28.08
2025-02-01,10:28:30,0.25,-0.24,0.64,273.68,-18.07,-74.10
2025-02-01,10:28:30,0.09,-0.34,0.94,-516.11,32.35,64.27
2025-02-01,10:28:30,0.03,1.18,-0.34,194.27,-37.41,-47.91
2025-02-01,10:28:30,0.18,-1.15,0.01,-14.22,2.32,4.94
2025-02-01,10:28:30,0.23,1.32,-0.17,-367.55,-23.13,85.94
2025-02-01,10:28:30,0.21,0.20,0.77,366.82,13.67,-6.04
2025-02-01,10:28:30,0.15,-0.81,0.50,-421.57,-16.72,-35.71
2025-02-01,10:28:30,0.10,1.20,-0.44,-66.71,-3.11,51.76
2025-02-01,10:28:30,0.20,-0.09,0.84,459.66,54.38,57.50
2025-02-01,10:28:30,0.15,-0.09,0.92,-539.06,35.95,-14.28
2025-02-01,10:28:30,0.10,1.14,-0.36,119.93,-27.04,-28.02
2025-02-01,10:28:30,0.08,-1.22,-0.30,160.28,36.44,-36.93
2025-02-01,10:28:30,0.25,0.45,0.49,-377.38,89.97,69.03
2025-02-01,10:28:30,0.18,0.88,0.26,408.81,-40.16,-44.68
2025-02-01,10:28:30,0.18,-1.26,-0.16,29.24,17.33,2.32
2025-02-01,10:28:30,0.24,0.57,0.11,-433.23,69.95,64.58
2025-02-01,10:28:30,0.13,0.05,0.78,516.42,-45.04,-0.43
2025-02-01,10:28:30,0.46,-0.14,0.93,-27.77,37.35,-23.93
2025-02-01,10:28:30,-0.33,-0.18,1.23,6.77,-1.77,25.15
2025-02-01,10:28:30,0.47,-0.02,1.23,2.99,-25.27,-15.38
2025-02-01,10:28:30,-0.56,-0.28,1.19,14.83,-23.07,8.48
2025-02-01,10:28:30,0.47,0.06,1.33,19.65,-3.72,-14.04
2025-02-01,10:28:30,-0.47,-0.13,1.24,-10.01,-40.34,-7.39
2025-02-01,10:28:30,0.56,0.01,1.19,10.19,-39.61,-25.45
2025-02-01,10:28:30,-0.28,-0.20,1.13,13.79,-24.48,-29.24
2025-02-01,10:28:30,0.45,0.08,0.97,21.91,-41.44,-15.87
2025-02-01,10:28:30,-0.32,-0.33,1.16,45.84,-45.17,-37.29
2025-02-01,10:28:30,0.48,-0.11,0.96,-7.20,-11.60,-5.80
2025-02-01,10:28:30,-0.29,-0.27,0.91,-1.46,-28.26,-17.21
2025-02-01,10:28:30,0.55,0.04,0.93,1.71,10.01,-23.68
2025-02-01,10:28:30,-0.49,-0.56,1.29,-22.89,-33.51,-74.16
2025-02-01,10:28:30,0.60,-0.07,1.09,14.40,-21.30,-17.09
2025-02-01,10:28:30,-0.40,-0.26,1.00,3.60,-19.78,-29.60
2025-02-01,10:28:30,0.57,-0.08,1.28,-0.06,-6.04,-23.38
2025-02-01,10:28:30,-0.77,-0.44,1.37,15.93,-80.44,-64.58
2025-02-01,10:28:30,0.48,-0.18,1.12,21.24,-6.71,-34.00
2025-02-01,10:28:30,-0.72,-0.34,1.26,49.01,-57.07,6.41
2025-02-01,10:28:30,0.46,-0.25,1.23,-13.06,35.58,-2.99
2025-02-01,10:28:30,-0.50,-0.55,1.12,-65.98,26.92,23.19
2025-02-01,10:28:30,0.42,0.14,1.12,-12.27,-0.55,-10.80
2025-02-01,10:28:30,-0.26,-0.04,1.08,-25.51,60.67,55.18
2025-02-01,10:28:30,0.38,-0.10,1.09,-17.46,-13.79,-10.93
2025-02-01,10:28:30,-0.06,0.05,0.75,-24.60,76.97,17.15
2025-02-01,10:28:30,0.36,-0.19,0.57,13.98,-5.74,24.96
2025-02-01,10:28:30,-0.08,-0.08,0.88,-33.08,41.38,0.73
2025-02-01,10:28:30,0.17,-0.16,1.16,72.33,-80.02,38.51
2025-02-01,10:28:30,-0.05,-0.11,0.99,-11.05,25.51,-9.28
2025-02-01,10:28:30,0.22,0.27,0.50,45.41,30.64,106.93
2025-02-01,10:28:30,0.18,-0.07,0.88,-14.16,57.62,-17.21
2025-02-01,10:28:30,-0.19,-0.15,0.90,0.98,10.68,-27.40
2025-02-01,10:28:30,0.34,0.01,0.73,7.93,44.86,-0.61
2025-02-01,10:28:30,-0.40,0.01,1.09,35.52,-100.28,-25.63
2025-02-01,10:28:30,0.45,0.04,0.96,-15.20,-1.65,-11.11
2025-02-01,10:28:30,-0.52,-0.31,1.10,-38.33,-47.42,-40.41
2025-02-01,10:28:30,0.54,0.13,1.26,11.29,-39.31,-30.03
2025-02-01,10:28:30,-0.81,-0.40,1.28,-38.27,-22.64,-82.15
2025-02-01,10:28:30,0.40,-0.19,1.39,0.73,-8.79,-6.65
2025-02-01,10:28:30,-0.61,-0.33,1.18,-35.58,20.63,-14.34
2025-02-01,10:28:30,0.23,-0.05,1.04,-33.33,10.74,-17.21
2025-02-01,10:28:30,-0.32,0.06,1.03,-16.54,29.85,24.84
2025-02-01,10:28:30,0.29,-0.02,1.13,13.24,-17.70,17.64
2025-02-01,10:28:30,-0.02,-0.01,0.91,-15.99,59.33,19.10
2025-02-01,10:28:30,0.17,-0.18,1.06,-17.76,18.07,-9.03
2025-02-01,10:28:30,-0.02,-0.22,0.84,-42.05,55.30,5.43
2025-02-01,10:28:30,0.23,-0.21,0.73,-14.04,-17.70,6.04
2025-02-01,10:28:30,-0.04,-0.23,0.82,-23.62,22.83,-4.82
2025-02-01,10:28:30,0.18,-0.09,0.68,32.65,-19.84,19.17
2025-02-01,10:28:30,0.05,-0.21,0.66,-37.54,57.68,-9.16
2025-02-01,10:28:30,0.21,0.08,0.44,53.71,11.72,7.87
2025-02-01,10:28:30,0.24,-0.22,0.70,-21.06,-16.97,-15.38
2025-02-01,10:28:30,-0.10,-0.23,0.86,19.41,-19.53,-12.94
2025-02-01,10:28:30,0.25,0.03,1.04,22.40,-26.25,13.85
2025-02-01,10:28:30,0.15,0.09,0.52,66.71,-22.71,15.81
2025-02-01,10:28:30,0.25,-0.05,0.81,18.92,3.05,21.18
2025-02-01,10:28:30,-0.11,0.03,0.81,119.32,-79.83,3.85
2025-02-01,10:28:30,0.27,0.00,0.89,44.13,-28.63,23.62
2025-02-01,10:28:30,-0.27,-0.39,1.03,15.08,-63.23,-52.12
2025-02-01,10:28:30,-0.21,0.49,1.32,35.22,5.49,-14.10
2025-02-01,10:28:30,-0.06,-0.49,1.02,-0.24,-6.59,54.44
2025-02-01,10:28:30,-0.09,0.29,1.07,19.96,39.43,-67.50
2025-02-01,10:28:30,-0.02,-0.21,0.92,-3.23,5.00,96.31
2025-02-01,10:28:30,-0.01,-0.20,0.88,-8.00,25.63,-119.26
2025-02-01,10:28:30,0.11,0.31,0.85,-9.95,-26.49,106.26
2025-02-01,10:28:30,0.05,-0.66,0.92,-8.61,-1.53,-52.43
2025-02-01,10:28:30,-0.04,0.50,1.26,23.38,-17.09,0.43
2025-02-01,10:28:30,-0.06,-0.63,0.98,5.74,5.74,39.67
2025-02-01,10:28:30,0.00,0.11,0.99,9.95,24.41,-75.07
2025-02-01,10:28:30,-0.10,-0.17,0.97,0.49,-18.37,112.43
2025-02-01,10:28:30,-0.03,-0.15,0.98,-4.39,24.60,-87.95
2025-02-01,10:28:30,-0.09,0.04,0.96,-3.42,-22.58,106.08
2025-02-01,10:28:30,-0.16,-0.64,0.98,2.56,-19.29,-65.98
2025-02-01,10:28:30,-0.05,0.55,1.23,4.58,19.78,-21.55
2025-02-01,10:28:30,-0.04,-0.52,0.94,2.38,-5.31,70.25
2025-02-01,10:28:30,0.01,0.03,0.90,-9.58,25.27,-93.38
2025-02-01,10:28:30,-0.08,0.14,1.02,10.38,-16.24,128.78
2025-02-01,10:28:30,0.02,-0.55,0.75,-18.55,1.28,-108.76
2025-02-01,10:28:30,-0.02,0.61,1.19,1.34,-22.58,52.80
2025-02-01,10:28:30,-0.01,-0.72,1.09,1.40,-3.23,2.99
2025-02-01,10:28:30,-0.08,0.45,1.18,21.67,12.33,-40.04
2025-02-01,10:28:30,-0.01,-0.35,1.00,-2.14,7.51,64.15
2025-02-01,10:28:30,-0.03,0.06,0.97,12.15,15.75,-80.32
2025-02-01,10:28:30,-0.05,-0.03,0.90,-14.77,-5.25,103.82
2025-02-01,10:28:30,-0.01,-0.38,0.85,-16.66,1.10,-127.32
2025-02-01,10:28:30,0.07,0.77,1.21,-1.89,-15.87,29.85
2025-02-01,10:28:30,-0.02,-0.63,1.08,5.25,-7.57,23.74
2025-02-01,10:28:30,-0.00,0.37,1.07,29.11,8.36,-56.03
2025-02-01,10:28:30,-0.03,-0.43,0.86,-5.74,-8.54,102.05
2025-02-01,10:28:30,0.05,-0.28,0.86,-1.89,16.05,-114.87
2025-02-01,10:28:30,0.07,0.61,1.09,5.98,-4.21,81.18
2025-02-01,10:28:30,-0.07,-0.73,1.06,11.11,-15.62,-12.02
2025-02-01,10:28:30,0.03,0.24,1.08,2.32,19.41,-78.49
2025-02-01,10:28:30,-0.03,-0.33,0.82,-19.96,18.92,78.92
2025-02-01,10:28:30,-0.07,-0.33,0.92,-6.47,13.55,-116.15
2025-02-01,10:28:30,0.13,0.77,1.16,-3.17,-23.62,84.90
2025-02-01,10:28:30,-0.01,-0.61,1.20,5.74,-24.17,7.87
2025-02-01,10:28:30,0.09,0.36,1.01,7.20,4.27,-80.93
2025-02-01,10:28:30,-0.12,-0.21,0.95,-16.85,-14.71,140.75
2025-02-01,10:28:30,0.00,-0.33,0.90,-0.12,-4.58,-109.19
2025-02-01,10:28:30,0.20,1.03,1.07,-9.40,-6.65,67.99
2025-02-01,10:28:30,-0.02,-0.81,1.04,1.83,-15.69,9.52
2025-02-01,10:28:30,0.05,0.16,1.02,-0.49,21.12,-99.91
2025-02-01,10:28:30,-0.01,0.02,0.89,-20.14,-7.26,153.75
2025-02-01,10:28:30,0.05,-0.58,0.93,5.55,-11.17,-64.39
2025-02-01,10:28:30,0.13,0.71,1.18,7.32,20.75,-62.44
2025-02-01,10:28:30,-0.02,-0.56,1.03,0.73,6.59,72.20
2025-02-01,10:28:30,-0.01,-0.09,0.95,12.08,24.90,-128.42
2025-02-01,10:28:30,0.09,0.29,0.87,-21.79,-0.06,155.15
2025-02-01,10:28:30,0.05,-0.88,0.98,11.72,-21.42,-71.96
2025-02-01,10:28:30,0.16,0.53,1.00,-5.98,8.30,-75.13
2025-02-01,10:28:30,-0.00,-0.47,0.85,-19.47,17.09,93.38
2025-02-01,10:28:30,0.02,-0.36,0.81,-11.29,9.40,-148.50
2025-02-01,10:28:30,0.35,1.28,1.08,-11.72,-17.70,53.10
2025-02-01,10:28:30,0.00,-0.72,1.08,9.77,8.06,55.91
2025-02-01,10:28:30,0.02,0.08,1.00,9.52,12.82,-153.75
2025-02-01,10:28:30,-0.06,-0.12,0.86,-1.95,-9.09,154.91
2025-02-01,10:28:30,0.05,-0.56,0.93,-2.01,-26.98,-115.17
2025-02-01,10:28:30,0.28,0.95,1.10,4.70,-0.31,-9.77
2025-02-01,10:28:30,-0.19,0.00,1.68,-5.25,110.17,31.07
2025-02-01,10:28:30,0.01,-0.19,0.68,-6.41,-118.35,-29.97
2025-02-01,10:28:30,0.14,-0.06,0.41,-22.03,153.14,-22.77
2025-02-01,10:28:30,-0.34,-0.16,1.77,8.48,-109.31,4.21
2025-02-01,10:28:30,0.35,0.10,0.03,-5.74,-15.44,19.41
2025-02-01,10:28:30,-0.31,-0.02,1.43,-7.26,101.56,2.50
2025-02-01,10:28:30,0.06,-0.00,0.54,28.14,-169.01,11.90
2025-02-01,10:28:30,-0.06,0.01,0.90,-12.94,146.55,-7.02
2025-02-01,10:28:30,-0.26,-0.11,1.56,13.31,-146.73,4.03
2025-02-01,10:28:30,0.29,0.00,0.35,-5.13,69.52,-11.17
2025-02-01,10:28:30,-0.50,-0.22,2.12,13.98,4.39,2.38
2025-02-01,10:28:30,0.31,0.06,0.27,-12.02,-78.98,11.72
2025-02-01,10:28:30,-0.17,-0.12,1.27,-17.21,138.18,2.14
2025-02-01,10:28:30,-0.01,0.05,0.89,17.21,-121.77,0.85
2025-02-01,10:28:30,-0.06,-0.01,0.89,-12.27,128.54,0.85
2025-02-01,10:28:30,-0.18,0.02,1.51,21.91,-111.82,12.51
2025-02-01,10:28:30,0.20,-0.04,0.53,-4.21,82.52,-1.71
2025-02-01,10:28:30,-0.34,-0.21,1.91,1.89,-8.06,-5.13
2025-02-01,10:28:30,0.26,-0.07,0.01,-14.47,-1.04,1.40
2025-02-01,10:28:30,-0.28,-0.06,1.41,-19.96,133.97,-5.55
2025-02-01,10:28:30,-0.02,0.03,0.81,10.13,-137.94,-0.24
2025-02-01,10:28:30,-0.10,-0.01,0.98,7.02,133.24,13.31
2025-02-01,10:28:30,-0.12,-0.07,1.08,3.60,-111.88,-1.16
2025-02-01,10:28:30,0.19,-0.01,0.51,-12.70,106.93,-10.56
2025-02-01,10:28:30,-0.36,-0.02,1.90,12.94,-66.35,5.07
2025-02-01,10:28:30,0.31,-0.02,0.19,-3.85,-32.04,9.16
2025-02-01,10:28:30,-0.25,-0.07,1.38,-14.95,112.00,-6.59
2025-02-01,10:28:30,-0.00,-0.05,0.77,6.35,-118.53,-1.40
2025-02-01,10:28:30,-0.05,-0.09,0.78,-7.20,148.50,-3.54
2025-02-01,10:28:30,-0.27,-0.07,1.40,25.88,-151.37,4.09
2025-02-01,10:28:30,0.20,-0.06,0.18,-12.39,69.89,2.62
2025-02-01,10:28:30,-0.38,-0.28,1.52,-22.22,109.50,-11.66
2025-02-01,10:28:30,0.13,0.15,0.75,9.95,-120.30,-0.12
2025-02-01,10:28:30,-0.14,-0.02,1.17,-3.30,107.85,9.95
2025-02-01,10:28:30,-0.23,-0.02,0.87,20.51,-148.99,-2.01
2025-02-01,10:28:30,0.02,-0.18,0.72,4.76,129.70,6.96
2025-02-01,10:28:30,-0.34,-0.25,1.62,2.56,-75.87,-10.74
2025-02-01,10:28:30,0.22,-0.14,0.28,4.33,53.34,-15.87
2025-02-01,10:28:30,-0.29,-0.20,1.62,-4.88,19.17,-7.93
2025-02-01,10:28:30,0.34,0.06,0.30,-12.82,-16.36,6.77
2025-02-01,10:28:30,-0.23,0.12,1.56,30.33,57.68,4.70
2025-02-01,10:28:30,0.21,-0.09,0.21,-4.46,41.50,48.65
2025-02-01,10:28:30,-0.16,0.13,1.28,-22.52,54.93,-1.77
2025-02-01,10:28:30,0.16,0.12,0.74,0.55,43.76,19.59
2025-02-01,10:28:30,-0.24,0.20,1.89,-6.10,39.43,-9.46
2025-02-01,10:28:30,0.26,0.16,0.65,5.68,-38.33,3.30
2025-02-01,10:28:30,-0.11,0.01,1.43,-5.62,55.73,13.67
2025-02-01,10:28:30,0.25,0.18,0.36,7.75,26.86,-8.12
2025-02-01,10:28:30,-0.09,-0.05,1.34,-10.99,63.60,1.83
2025-02-01,10:28:30,0.10,0.19,0.73,26.61,-62.32,-2.56
2025-02-01,10:28:30,0.10,0.10,0.83,-10.01,106.81,2.87
2025-02-01,10:28:30,-0.15,0.01,1.29,18.31,-124.94,-14.16
2025-02-01,10:28:30,0.31,0.02,0.21,-9.40,60.36,4.39
2025-02-01,10:28:30,-0.40,-0.05,1.81,-16.05,53.41,-8.97
2025-02-01,10:28:30,0.06,0.03,0.55,20.51,-93.14,-0.06
2025-02-01,10:28:30,-0.00,0.07,0.76,-15.44,142.09,-0.06
2025-02-01,10:28:30,-0.22,-0.05,1.22,9.58,-98.27,-29.05
2025-02-01,10:28:30,0.29,-0.04,0.48,-11.47,63.78,4.39
2025-02-01,10:28:30,-0.54,0.16,2.04,-7.93,-17.03,-2.56
2025-02-01,10:28:30,0.30,-0.04,0.35,15.08,-76.66,9.70
2025-02-01,10:28:30,-0.28,-0.02,1.34,-17.15,104.43,0.24
2025-02-01,10:28:30,0.04,0.08,0.85,7.81,-133.48,5.07
2025-02-01,10:28:30,-0.02,0.10,0.95,2.50,113.28,-9.89
2025-02-01,10:28:30,-0.20,0.06,0.97,13.98,-145.87,12.33
2025-02-01,10:28:30,0.11,-0.06,0.69,-5.80,86.30,-7.14
2025-02-01,10:28:30,-0.57,0.01,1.86,2.26,-75.62,-4.70
2025-02-01,10:28:30,0.33,0.21,0.22,-8.79,36.87,-8.48
2025-02-01,10:28:30,-0.43,-0.09,1.21,-23.44,144.17,-8.42
2025-02-01,10:28:30,0.13,-0.04,0.98,9.95,-56.21,-23.32
2025-02-01,10:28:30,-0.15,-0.00,0.92,-12.94,125.37,24.72
2025-02-01,10:28:30,-0.18,-0.09,1.22,-27.10,-112.18,3.23
2025-02-01,10:28:30,0.31,-0.05,0.38,-4.39,32.35,15.08
2025-02-01,10:28:30,-0.31,-0.06,1.73,-4.94,57.50,8.73
2025-02-01,10:28:30,0.11,-0.00,0.42,-9.64,-115.11,5.55
2025-02-01,10:28:30,0.11,-0.02,0.49,-22.16,149.35,-25.88
2025-02-01,10:28:30,-0.32,0.09,2.21,4.15,-74.10,14.77
2025-02-01,10:28:30,0.44,0.06,0.23,-1.46,-37.72,8.30
2025-02-01,10:28:30,-0.22,-0.17,1.33,-26.18,113.46,-10.19
2025-02-01,10:28:30,0.02,0.02,0.73,19.23,-122.01,-17.15
2025-02-01,10:28:30,0.12,-0.03,0.56,-32.90,132.75,2.75
2025-02-01,10:28:30,-0.21,0.14,1.79,-3.30,-43.46,-2.56
2025-02-01,10:28:30,0.18,0.05,0.42,17.94,-80.57,20.75
2025-02-01,10:28:30,-0.13,-0.00,1.14,-6.10,108.28,0.12
2025-02-01,10:28:30,-0.03,-0.12,0.83,7.87,-125.92,-11.60
2025-02-01,10:28:30,0.11,-0.04,0.56,-13.18,123.78,-18.19
2025-02-01,10:28:30,-0.28,0.12,1.88,15.56,5.19,-7.87
2025-02-01,10:28:30,0.26,-0.02,0.29,5.43,-83.19,9.22
2025-02-01,10:28:30,-0.17,-0.12,1.23,-13.06,106.02,4.15
2025-02-01,10:28:30,-0.11,-0.12,0.90,14.71,-137.45,-34.06
2025-02-01,10:28:30,0.02,-0.07,0.72,-38.51,158.87,-10.31
2025-02-01,10:28:30,-0.35,-0.12,2.08,11.17,-45.72,-6.47
2025-02-01,10:28:30,0.17,0.02,0.37,11.05,-132.87,3.42
2025-02-01,10:28:30,-0.04,-0.08,0.80,-26.06,155.64,5.86
2025-02-01,10:28:30,-0.45,0.06,2.44,19.29,-150.45,2.32
2025-02-01,10:28:30,0.07,-0.11,0.21,17.58,-118.77,12.57
2025-02-01,10:28:30,0.08,0.10,0.42,-6.35,136.41,2.08
2025-02-01,10:28:30,-0.53,-0.14,2.25,0.49,60.42,0.55
2025-02-01,10:28:30,-0.22,-0.19,0.70,11.54,-178.53,-11.17
2025-02-01,10:28:30,0.20,-0.06,0.47,-21.73,128.72,5.31
2025-02-01,10:28:30,-0.30,0.08,1.66,40.77,-123.84,19.78
2025-02-01,10:28:30,0.40,0.13,0.24,1.59,-15.62,13.61
2025-02-01,10:28:30,-0.34,-0.09,1.51,-33.39,117.07,1.22
2025-02-01,10:28:30,0.18,0.14,0.52,35.22,-81.36,6.29
2025-02-01,10:28:30,-0.27,-0.09,1.19,-26.06,131.65,-8.42
2025-02-01,10:28:30,0.24,-0.09,0.75,25.51,-117.68,-13.43
2025-02-01,10:28:30,-0.01,-0.01,0.72,-15.32,211.79,-0.43
2025-02-01,10:28:30,-0.33,-0.09,1.38,30.46,-263.79,12.02
2025-02-01,10:28:30,0.42,-0.03,0.12,-22.58,92.47,-3.17
2025-02-01,10:28:30,-0.46,-0.12,1.96,4.76,43.27,-6.96
2025-02-01,10:28:30,0.25,0.23,0.48,25.39,-99.79,24.05
2025-02-01,10:28:30,-0.13,0.04,1.06,-20.14,148.07,-0.43
2025-02-01,10:28:30,-0.28,0.05,1.36,27.53,-203.37,10.44
2025-02-01,10:28:30,0.46,0.04,0.13,-10.25,62.68,0.49
2025-02-01,10:28:30,-0.33,-0.13,1.45,-49.99,156.13,-15.69
2025-02-01,10:28:30,-0.02,0.20,0.57,57.07,-216.43,24.23
2025-02-01,10:28:30,0.36,0.02,0.40,-28.63,122.74,-18.37
2025-02-01,10:28:30,-0.55,0.10,2.08,27.47,60.85,7.08
2025-02-01,10:28:30,0.13,0.07,0.72,20.39,-156.68,21.97
2025-02-01,10:28:30,0.16,-0.04,0.65,-41.63,164.00,-17.03
2025-02-01,10:28:30,-0.50,-0.04,1.96,31.98,-39.37,12.15
2025-02-01,10:28:30,0.15,0.10,0.84,5.37,-36.19,0.55
2025-02-01,10:28:30,-0.04,0.07,1.08,10.68,-5.74,0.31
2025-02-01,10:28:30,-0.08,-0.02,1.00,2.62,1.22,2.93
2025-02-01,10:28:30,-0.13,-0.08,0.98,-1.22,-19.04,1.04
2025-02-01,10:28:30,-0.20,-0.08,0.98,7.20,-16.17,10.38
2025-02-01,10:28:30,-0.35,-0.15,0.98,6.23,-13.61,17.27
2025-02-01,10:28:30,-0.40,-0.10,0.90,-11.41,-12.45,-5.80
2025-02-01,10:28:30,-0.86,0.03,0.51,-24.41,-84.23,-23.93
2025-02-01,10:28:30,-0.68,0.27,-0.70,48.77,-153.08,-25.70
2025-02-01,10:28:30,-0.14,0.43,-0.89,8.91,-68.60,-17.46
2025-02-01,10:28:30,0.50,0.09,-0.73,-29.91,-91.13,-39.18
2025-02-01,10:28:30,0.87,-0.15,-0.35,-44.68,-78.92,-35.46
2025-02-01,10:28:30,0.75,0.07,0.64,-49.01,-71.84,32.47
2025-02-01,10:28:30,0.21,0.22,0.99,-32.84,-64.76,24.48
2025-02-01,10:28:30,0.06,0.44,0.92,1.89,-6.59,20.81
2025-02-01,10:28:30,0.05,0.43,0.93,-2.44,10.38,-2.01
2025-02-01,10:28:30,0.05,0.27,0.94,28.99,2.50,7.39
2025-02-01,10:28:30,-0.00,0.06,1.00,9.34,-5.74,2.32
2025-02-01,10:28:30,0.01,0.08,0.98,-35.40,9.40,-4.15
2025-02-01,10:28:30,0.03,0.23,0.89,-29.79,-4.52,19.35
2025-02-01,10:28:30,-0.09,0.50,1.03,-6.90,1.16,-6.59
2025-02-01,10:28:30,-0.00,0.44,1.10,-21.85,-55.24,48.95
2025-02-01,10:28:30,0.05,0.02,1.01,0.31,0.00,-2.93
2025-02-01,10:28:30,0.03,0.03,1.01,0.18,-0.06,-0.85
2025-02-01,10:28:30,0.03,0.01,1.01,0.18,-0.12,-0.79
2025-02-01,10:28:30,0.02,0.00,1.01,-0.18,0.37,-2.32
2025-02-01,10:28:30,0.01,-0.11,1.01,32.65,-6.10,-4.82
2025-02-01,10:28:30,-0.01,-0.22,0.97,-35.89,-1.89,9.83
2025-02-01,10:28:30,-0.02,0.00,1.01,0.98,2.38,-1.53
2025-02-01,10:28:30,0.01,0.00,1.01,0.24,6.65,-2.01
2025-02-01,10:28:30,0.03,0.01,1.01,0.12,0.12,-1.34
2025-02-01,10:28:30,0.03,0.02,1.01,0.31,-0.06,-1.71
2025-02-01,10:28:30,0.01,0.16,0.98,-23.13,-4.21,-23.44
2025-02-01,10:28:30,0.02,0.17,0.98,-0.92,0.73,1.77
2025-02-01,10:28:30,0.02,-0.18,1.00,119.02,-4.58,2.87
2025-02-01,10:28:30,-0.07,-0.75,0.65,87.71,-7.20,-5.86
2025-02-01,10:28:30,-0.18,-0.91,-0.44,39.73,-4.27,-5.00
2025-02-01,10:28:30,-0.17,-0.41,-0.86,112.67,-19.29,-1.46
2025-02-01,10:28:30,-0.26,0.78,-0.70,141.85,-40.71,-2.26
2025-02-01,10:28:30,-0.14,0.96,-0.08,32.29,-45.23,-13.43
2025-02-01,10:28:30,-0.15,0.95,-0.01,19.96,3.54,-13.67
2025-02-01,10:28:30,-0.05,0.63,0.93,42.30,-34.18,49.26
2025-02-01,10:28:30,0.03,0.20,0.93,67.14,-33.94,16.54
2025-02-01,10:28:30,0.06,0.04,1.00,-4.58,10.19,1.34
2025-02-01,10:28:30,-0.02,0.03,1.03,-13.49,-33.33,-4.88
2025-02-01,10:28:30,0.02,0.07,1.05,-25.27,30.94,8.54
2025-02-01,10:28:30,-0.01,-0.01,1.03,-5.92,-0.55,25.27
2025-02-01,10:28:30,-0.08,-0.85,0.50,124.94,-4.94,-7.14
2025-02-01,10:28:30,-0.08,-0.56,-0.78,165.16,-14.65,7.32
2025-02-01,10:28:30,0.05,-0.27,-0.97,25.63,-13.06,27.16
2025-02-01,10:28:30,0.16,-0.11,-1.10,30.64,-26.18,9.58
2025-02-01,10:28:30,-0.07,-0.93,-0.49,-379.52,58.53,-70.50
2025-02-01,10:28:30,0.18,0.65,0.79,-291.14,38.21,76.23
2025-02-01,10:28:30,0.12,0.46,-0.82,-135.44,-8.42,9.89
2025-02-01,10:28:30,0.11,-0.29,-1.00,-62.38,6.47,10.68
2025-02-01,10:28:30,0.17,-1.00,-0.14,-144.23,-16.17,5.98
2025-02-01,10:28:30,0.14,-0.11,0.95,-56.09,-1.71,15.99
2025-02-01,10:28:30,-0.04,-0.31,0.89,53.22,-38.57,-9.83
2025-02-01,10:28:30,0.00,0.12,1.03,-55.36,-2.20,-1.34
2025-02-01,10:28:30,0.05,-0.07,1.14,150.09,-18.49,-5.37
2025-02-01,10:28:30,0.03,-0.18,1.01,27.47,-3.42,14.47
2025-02-01,10:28:30,0.02,-0.43,0.90,31.43,5.07,-7.93
2025-02-01,10:28:30,0.01,-0.27,0.93,-55.85,-10.31,29.17
2025-02-01,10:28:30,-0.03,0.10,0.93,47.12,46.57,13.00
2025-02-01,10:28:30,-0.07,-0.94,-0.39,13.12,4.27,-2.14
2025-02-01,10:28:30,0.30,-1.09,0.58,-224.24,13.00,96.80
2025-02-01,10:28:30,0.89,0.31,0.13,75.38,176.39,39.79
2025-02-01,10:28:30,0.71,-0.44,-0.40,-225.95,115.11,-98.02
2025-02-01,10:28:30,0.42,-0.08,-0.81,95.09,-68.66,-41.50
2025-02-01,10:28:30,0.45,-0.31,1.17,-34.85,71.53,-50.42
2025-02-01,10:28:30,0.59,0.08,-0.69,3.72,187.74,36.87
2025-02-01,10:28:30,0.38,0.24,0.58,22.28,-378.66,226.75
2025-02-01,10:28:30,0.18,0.05,1.10,-151.31,396.30,-13.37
2025-02-01,10:28:30,0.28,0.03,-0.84,50.60,224.98,7.32
2025-02-01,10:28:30,0.22,0.33,0.65,93.44,-308.59,85.33
2025-02-01,10:28:30,-0.26,0.15,1.38,45.65,329.83,35.16
2025-02-01,10:28:30,0.43,0.09,-0.68,-18.80,268.31,43.82
2025-02-01,10:28:30,0.95,-0.02,0.08,-25.45,-389.40,-6.41
2025-02-01,10:28:30,-0.10,0.22,1.22,18.80,23.86,4.58
2025-02-01,10:28:30,0.77,0.05,-0.47,25.76,200.87,15.69
2025-02-01,10:28:30,-0.02,0.20,0.57,57.07,-216.43,24.23
2025-02-01,10:28:30,0.36,0.02,0.40,-28.63,122.74,-18.37
2025-02-01,10:28:30,-0.55,0.10,2.08,27.47,60.85,7.08
2025-02-01,10:28:30,0.13,0.07,0.72,20.39,-156.68,21.97
2025-02-01,10:28:30,0.16,-0.04,0.65,-41.63,164.00,-17.03
2025-02-01,10:28:30,-0.50,-0.04,1.96,31.98,-39.37,12.15
2025-02-01,10:28:30,0.15,0.10,0.84,5.37,-36.19,0.55
2025-02-01,10:28:30,-0.04,0.07,1.08,10.68,-5.74,0.31
2025-02-01,10:28:30,-0.08,-0.02,1.00,2.62,1.22,2.93
2025-02-01,10:28:30,-0.13,-0.08,0.98,-1.22,-19.04,1.04
2025-02-01,10:28:30,-0.20,-0.08,0.98,7.20,-16.17,10.38
2025-02-01,10:28:30,-0.35,-0.15,0.98,6.23,-13.61,17.27
2025-02-01,10:28:30,-0.40,-0.10,0.90,-11.41,-12.45,-5.80
2025-02-01,10:28:30,-0.86,0.03,0.51,-24.41,-84.23,-23.93
2025-02-01,10:28:30,-0.68,0.27,-0.70,48.77,-153.08,-25.70
2025-02-01,10:28:30,-0.14,0.43,-0.89,8.91,-68.60,-17.46
2025-02-01,10:28:30,0.50,0.09,-0.73,-29.91,-91.13,-39.18
2025-02-01,10:28:30,0.87,-0.15,-0.35,-44.68,-78.92,-35.46
2025-02-01,10:28:30,0.75,0.07,0.64,-49.01,-71.84,32.47
2025-02-01,10:28:30,0.21,0.22,0.99,-32.84,-64.76,24.48
2025-02-01,10:28:30,0.06,0.44,0.92,1.89,-6.59,20.81
2025-02-01,10:28:30,0.05,0.43,0.93,-2.44,10.38,-2.01
2025-02-01,10:28:30,0.05,0.27,0.94,28.99,2.50,7.39
2025-02-01,10:28:30,-0.00,0.06,1.00,9.34,-5.74,2.32
2025-02-01,10:28:30,0.01,0.08,0.98,-35.40,9.40,-4.15
2025-02-01,10:28:30,0.03,0.23,0.89,-29.79,-4.52,19.35
2025-02-01,10:28:30,-0.09,0.50,1.03,-6.90,1.16,-6.59
2025-02-01,10:28:30,-0.00,0.44,1.10,-21.85,-55.24,48.95
2025-02-01,10:28:30,0.05,0.02,1.01,0.31,0.00,-2.93
2025-02-01,10:28:30,0.03,0.03,1.01,0.18,-0.06,-0.85
2025-02-01,10:28:30,0.03,0.01,1.01,0.18,-0.12,-0.79
2025-02-01,10:28:30,0.02,0.00,1.01,-0.18,0.37,-2.32
2025-02-01,10:28:30,0.01,-0.11,1.01,32.65,-6.10,-4.82
2025-02-01,10:28:30,-0.01,-0.22,0.97,-35.89,-1.89,9.83
2025-02-01,10:28:30,-0.02,0.00,1.01,0.98,2.38,-1.53
2025-02-01,10:28:30,0.01,0.00,1.01,0.24,6.65,-2.01
2025-02-01,10:28:30,0.03,0.01,1.01,0.12,0.12,-1.34
2025-02-01,10:28:30,0.03,0.02,1.01,0.31,-0.06,-1.71
2025-02-01,10:28:30,0.01,0.16,0.98,-23.13,-4.21,-23.44
2025-02-01,10:28:30,0.02,0.17,0.98,-0.92,0.73,1.77
2025-02-01,10:28:30,0.02,-0.18,1.00,119.02,-4.58,2.87
2025-02-01,10:28:30,-0.07,-0.75,0.65,87.71,-7.20,-5.86
2025-02-01,10:28:30,-0.18,-0.91,-0.44,39.73,-4.27,-5.00
2025-02-01,10:28:30,-0.17,-0.41,-0.86,112.67,-19.29,-1.46
2025-02-01,10:28:30,-0.26,0.78,-0.70,141.85,-40.71,-2.26
2025-02-01,10:28:30,-0.14,0.96,-0.08,32.29,-45.23,-13.43
2025-02-01,10:28:30,-0.15,0.95,-0.01,19.96,3.54,-13.67
2025-02-01,10:28:30,-0.05,0.63,0.93,42.30,-34.18,49.26
2025-02-01,10:28:30,0.03,0.20,0.93,67.14,-33.94,16.54
2025-02-01,10:28:30,0.06,0.04,1.00,-4.58,10.19,1.34
2025-02-01,10:28:30,-0.02,0.03,1.03,-13.49,-33.33,-4.88
2025-02-01,10:28:30,0.02,0.07,1.05,-25.27,30.94,8.54
2025-02-01,10:28:30,-0.01,-0.01,1.03,-5.92,-0.55,25.27
2025-02-01,10:28:30,-0.08,-0.85,0.50,124.94,-4.94,-7.14
2025-02-01,10:28:30,-0.08,-0.56,-0.78,165.16,-14.65,7.32
2025-02-01,10:28:30,0.05,-0.27,-0.97,25.63,-13.06,27.16
2025-02-01,10:28:30,0.16,-0.11,-1.10,30.64,-26.18,9.58
2025-02-01,10:28:30,-0.07,-0.93,-0.49,-379.52,58.53,-70.50
2025-02-01,10:28:30,0.18,0.65,0.79,-291.14,38.21,76.23
2025-02-01,10:28:30,0.12,0.46,-0.82,-135.44,-8.42,9.89
2025-02-01,10:28:30,0.11,-0.29,-1.00,-62.38,6.47,10.68
2025-02-01,10:28:30,0.17,-1.00,-0.14,-144.23,-16.17,5.98
2025-02-01,10:28:30,0.14,-0.11,0.95,-56.09,-1.71,15.99
2025-02-01,10:28:30,-0.04,-0.31,0.89,53.22,-38.57,-9.83
2025-02-01,10:28:30,0.00,0.12,1.03,-55.36,-2.20,-1.34
2025-02-01,10:28:30,0.05,-0.07,1.14,150.09,-18.49,-5.37
2025-02-01,10:28:30,0.03,-0.18,1.01,27.47,-3.42,14.47
2025-02-01,10:28:30,0.02,-0.43,0.90,31.43,5.07,-7.93
2025-02-01,10:28:30,0.01,-0.27,0.93,-55.85,-10.31,29.17
2025-02-01,10:28:30,-0.03,0.10,0.93,47.12,46.57,13.00
2025-02-01,10:28:30,-0.07,-0.94,-0.39,13.12,4.27,-2.14
2025-02-01,10:28:30,0.30,-1.09,0.58,-224.24,13.00,96.80
2025-02-01,10:28:30,0.89,0.31,0.13,75.38,176.39,39.79
2025-02-01,10:28:30,0.71,-0.44,-0.40,-225.95,115.11,-98.02
2025-02-01,10:28:30,0.42,-0.08,-0.81,95.09,-68.66,-41.50
2025-02-01,10:28:30,0.45,-0.31,1.17,-34.85,71.53,-50.42
2025-02-01,10:28:30,0.59,0.08,-0.69,3.72,187.74,36.87
2025-02-01,10:28:30,0.38,0.24,0.58,22.28,-378.66,226.75
2025-02-01,10:28:30,0.18,0.05,1.10,-151.31,396.30,-13.37
2025-02-01,10:28:30,0.28,0.03,-0.84,50.60,224.98,7.32
2025-02-01,10:28:30,0.22,0.33,0.65,93.44,-308.59,85.33
2025-02-01,10:28:30,-0.26,0.15,1.38,45.65,329.83,35.16
2025-02-01,10:28:30,0.43,0.09,-0.68,-18.80,268.31,43.82
2025-02-01,10:28:30,0.95,-0.02,0.08,-25.45,-389.40,-6.41
2025-02-01,10:28:30,-0.10,0.22,1.22,18.80,23.86,4.58
2025-02-01,10:28:30,0.77,0.05,-0.47,25.76,200.87,15.69
2025-02-01,10:28:30,0.32,-0.20,-0.64,-19.90,-457.21,63.96
2025-02-01,10:28:30,0.06,0.09,0.91,-13.79,-89.97,-19.96
2025-02-01,10:28:30,1.16,-0.07,0.31,91.13,87.04,-48.16
2025-02-01,10:28:30,0.05,-0.17,-1.32,-2.26,-27.65,-3.72
2025-02-01,10:28:30,0.18,0.40,0.85,-40.83,-123.47,-33.75
2025-02-01,10:28:30,0.43,0.07,0.99,127.38,227.78,-8.61
2025-02-01,10:28:30,0.27,-0.25,-1.15,0.92,283.75,12.94
2025-02-01,10:28:30,0.46,0.22,0.34,-35.22,-264.04,82.40
2025-02-01,10:28:30,0.13,0.30,1.31,-0.55,28.26,-6.90
2025-02-01,10:28:30,0.79,0.10,-0.04,-12.82,288.57,-31.92
2025-02-01,10:28:30,0.20,-0.21,-1.26,17.27,-219.42,32.65
2025-02-01,10:28:30,0.15,0.37,1.15,8.85,-138.43,47.61
2025-02-01,10:28:30,0.95,-0.20,0.51,70.80,202.88,-7.69
2025-02-01,10:28:30,0.24,-0.22,-1.31,3.66,-82.82,16.54
2025-02-01,10:28:30,0.29,0.25,0.98,-52.61,-138.00,15.69
2025-02-01,10:28:30,0.74,-0.07,0.40,-10.86,239.75,39.55
2025-02-01,10:28:30,-0.04,-0.16,-1.33,-44.49,77.27,-4.46
2025-02-01,10:28:30,0.35,0.41,1.11,72.33,-211.18,54.08
2025-02-01,10:28:30,0.46,0.14,0.70,50.84,313.48,8.06
2025-02-01,10:28:30,0.28,-0.06,-1.13,-32.04,59.69,-13.24
2025-02-01,10:28:30,0.57,0.01,0.60,-2.87,-189.03,48.22
2025-02-01,10:28:30,0.29,0.28,1.17,147.09,287.90,-97.78
2025-02-01,10:28:30,-0.03,-0.07,-1.08,-64.27,228.70,13.61
2025-02-01,10:28:30,0.79,-0.44,0.54,-46.08,-366.88,-23.07
2025-02-01,10:28:30,0.45,0.03,0.93,37.17,90.82,-9.34
2025-02-01,10:28:30,0.28,-0.29,-0.90,12.08,325.93,-28.50
2025-02-01,10:28:30,0.73,0.06,0.34,-88.13,-286.74,58.35
2025-02-01,10:28:30,0.73,-0.09,0.97,94.97,238.95,-41.81
2025-02-01,10:28:30,-0.01,-0.31,-1.22,-33.57,128.85,-15.99
2025-02-01,10:28:30,0.51,0.01,0.88,-35.89,-294.68,41.93
2025-02-01,10:28:30,0.66,-0.01,0.26,32.17,329.89,-55.66
2025-02-01,10:28:30,-0.20,-0.37,-1.37,-2.01,21.12,-1.28
2025-02-01,10:28:30,0.33,0.21,1.08,-98.14,-335.27,22.83
2025-02-01,10:28:30,0.58,-0.01,0.03,65.19,330.63,-7.02
2025-02-01,10:28:30,0.16,-0.14,-0.82,-31.92,-357.79,59.81
2025-02-01,10:28:30,-0.03,0.28,1.06,23.38,-151.98,-0.61
2025-02-01,10:28:30,0.84,-0.21,0.73,73.91,200.44,0.73
2025-02-01,10:28:30,-0.11,-0.29,-1.18,-53.77,19.47,3.48
2025-02-01,10:28:30,0.52,0.52,0.91,-44.56,-197.75,81.67
2025-02-01,10:28:30,0.65,0.18,0.72,37.66,14.89,9.34
2025-02-01,10:28:30,0.66,0.21,0.73,-17.88,8.30,-5.13
2025-02-01,10:28:30,0.22,0.27,1.07,-21.24,-27.40,61.28
2025-02-01,10:28:30,0.17,-0.02,1.18,151.37,-45.10,-27.65
2025-02-01,10:28:30,-0.04,-0.87,-0.83,-28.38,13.55,7.69
2025-02-01,10:28:30,0.12,0.75,0.59,-390.81,-5.86,22.03
2025-02-01,10:28:30,0.03,-0.86,0.44,395.14,-23.62,24.66
2025-02-01,10:28:30,-0.03,-0.99,-0.61,-622.38,60.97,-30.21
2025-02-01,10:28:30,0.05,0.84,0.30,-256.77,26.86,21.85
2025-02-01,10:28:30,0.06,-0.64,0.36,389.53,23.99,19.65
2025-02-01,10:28:30,-0.09,-0.97,-0.25,-542.18,79.47,18.74
2025-02-01,10:28:30,0.20,1.05,0.23,-309.39,12.82,54.87
2025-02-01,10:28:30,0.07,-0.50,0.51,297.42,19.35,-95.46
2025-02-01,10:28:30,-0.05,-0.98,-0.59,-251.95,5.86,-5.19
2025-02-01,10:28:30,0.30,0.75,0.56,-284.18,27.59,56.46
2025-02-01,10:28:30,0.11,0.42,1.00,398.01,-42.48,24.54
2025-02-01,10:28:30,-0.15,-1.12,-0.47,100.22,3.72,-44.68
2025-02-01,10:28:30,0.19,0.35,0.72,-224.49,59.51,100.77
2025-02-01,10:28:30,0.21,1.21,-0.13,108.15,-14.22,-8.73
2025-02-01,10:28:30,-0.04,-0.92,0.28,225.59,-5.55,-9.46
2025-02-01,10:28:30,-0.12,-1.20,0.17,-405.76,35.64,-28.93
2025-02-01,10:28:30,0.08,1.09,0.53,-61.95,-20.45,36.32
2025-02-01,10:28:30,-0.04,-0.74,0.53,337.95,-31.86,34.97
2025-02-01,10:28:30,-0.04,-1.02,-0.24,-381.77,28.20,2.44
2025-02-01,10:28:30,-0.01,0.91,0.17,-126.71,-15.93,69.03
2025-02-01,10:28:30,0.05,-0.23,0.61,352.05,-6.35,10.99
2025-02-01,10:28:30,-0.05,-0.98,-0.44,4.94,6.53,-2.99
2025-02-01,10:28:30,0.18,0.03,0.92,-221.92,47.06,10.99
2025-02-01,10:28:30,0.29,0.86,0.13,-46.45,18.86,6.90
2025-02-01,10:28:30,0.17,0.25,0.76,289.31,-54.14,-62.50
2025-02-01,10:28:30,-0.21,-1.05,-0.22,99.67,-9.89,-9.83
2025-02-01,10:28:30,0.10,0.10,0.96,-258.73,65.67,33.51
2025-02-01,10:28:30,0.23,1.10,-0.02,-9.95,6.53,13.73
2025-02-01,10:28:30,0.02,-0.63,0.48,297.85,-16.42,-1.34
2025-02-01,10:28:30,-0.14,-0.78,0.69,-346.37,55.66,14.34
2025-02-01,10:28:30,0.26,0.92,0.13,-132.57,7.69,46.45
2025-02-01,10:28:30,0.12,0.33,0.85,349.85,-32.47,-7.51
2025-02-01,10:28:30,-0.12,-1.21,0.09,-7.75,2.93,-4.09
2025-02-01,10:28:30,0.22,0.32,0.83,-125.31,26.98,42.05
2025-02-01,10:28:30,0.10,0.97,0.20,101.20,-3.60,-9.03
2025-02-01,10:28:30,-0.02,-0.68,0.43,446.47,-41.56,-20.32
2025-02-01,10:28:30,-0.02,-0.62,0.79,-523.44,89.23,4.03
2025-02-01,10:28:30,0.19,1.11,-0.07,-58.35,10.80,42.18
2025-02-01,10:28:30,0.02,-0.70,0.65,281.74,-7.87,-33.69
2025-02-01,10:28:30,-0.12,-0.66,0.68,-520.32,77.76,-13.31
2025-02-01,10:28:30,0.18,0.88,-0.10,-66.41,12.76,33.63
2025-02-01,10:28:30,0.04,-0.34,0.84,347.66,-70.07,4.64
2025-02-01,10:28:30,-0.20,-1.18,-0.09,-175.29,23.86,20.69
2025-02-01,10:28:30,0.24,0.78,0.16,-188.48,39.67,18.74
2025-02-01,10:28:30,0.08,0.36,0.79,345.76,-68.42,1.53
2025-02-01,10:28:30,-0.24,-1.22,0.06,-11.41,0.18,1.77
2025-02-01,10:28:30,0.28,0.59,0.48,-284.00,67.50,10.19
2025-02-01,10:28:30,0.15,0.83,0.53,297.49,-27.59,-3.48
2025-02-01,10:28:30,-0.22,-1.27,-0.06,127.99,-10.86,-43.58
2025-02-01,10:28:30,0.16,0.69,0.57,-240.11,48.58,-2.50
2025-02-01,10:28:30,0.14,0.78,0.62,382.75,-15.99,-7.75
2025-02-01,10:28:30,-0.14,-1.31,0.10,123.47,-23.74,-18.49
2025-02-01,10:28:30,0.28,0.69,0.50,-178.65,44.19,22.40
2025-02-01,10:28:30,0.20,0.92,0.57,354.61,-8.24,-9.89
2025-02-01,10:28:30,-0.17,-1.23,-0.05,216.19,-32.84,-39.18
2025-02-01,10:28:30,0.25,0.69,0.27,-275.39,74.04,9.83
2025-02-01,10:28:30,0.21,0.90,0.40,427.25,-19.53,-35.22
2025-02-01,10:28:30,-0.19,-1.39,-0.02,26.37,-14.04,-34.18
2025-02-01,10:28:30,0.27,0.47,0.68,-173.46,36.56,1.95
2025-02-01,10:28:30,0.08,0.98,0.14,-3.17,-13.00,-2.75
2025-02-01,10:28:30,0.07,1.01,0.20,76.84,-6.16,2.08
2025-02-01,10:28:30,0.02,0.24,1.04,89.36,5.74,-9.83
2025-02-01,10:28:30,0.17,0.11,1.32,24.35,-37.17,-18.37
2025-02-01,10:28:30,0.01,-0.04,1.02,9.22,-28.02,16.66
2025-02-01,10:28:30,0.01,-0.12,1.05,25.45,-12.88,5.31
2025-02-01,10:28:30,0.03,-0.16,0.96,-24.48,7.39,-85.45
2025-02-01,10:28:30,0.02,0.54,1.04,-23.74,8.73,-66.77
2025-02-01,10:28:30,0.04,0.88,0.96,53.89,4.09,156.49
2025-02-01,10:28:30,-0.05,-0.63,0.93,-4.70,2.14,55.11
2025-02-01,10:28:30,-0.09,-0.13,0.95,-23.56,11.35,-122.01
2025-02-01,10:28:30,-0.05,0.87,1.32,27.95,-11.84,40.47
2025-02-01,10:28:30,-0.09,-0.29,1.05,17.82,-1.16,114.44
2025-02-01,10:28:30,-0.08,-0.41,0.96,-44.31,2.87,-143.62
2025-02-01,10:28:30,0.08,0.75,1.00,-12.21,2.62,-53.34
2025-02-01,10:28:30,-0.13,0.06,0.96,26.79,4.64,139.34
2025-02-01,10:28:30,-0.11,-0.63,1.07,-31.80,-9.58,-13.49
2025-02-01,10:28:30,-0.10,0.11,1.03,-20.08,-0.37,-122.50
2025-02-01,10:28:30,0.04,0.89,1.02,20.14,0.00,-14.53
2025-02-01,10:28:30,-0.15,-0.01,0.98,22.77,13.49,120.12
2025-02-01,10:28:30,-0.08,-0.55,1.04,-23.86,2.75,0.92
2025-02-01,10:28:30,-0.15,0.08,1.04,-25.88,2.99,-139.47
2025-02-01,10:28:30,0.07,1.02,1.02,28.87,-3.48,40.16
2025-02-01,10:28:30,-0.12,-0.29,1.08,12.27,13.55,105.53
2025-02-01,10:28:30,-0.12,-0.44,1.00,-32.65,-3.72,-138.18
2025-02-01,10:28:30,-0.05,0.47,0.96,-1.83,5.00,-99.49
2025-02-01,10:28:30,-0.08,0.74,1.05,36.99,-0.85,206.91
2025-02-01,10:28:30,-0.07,-0.46,1.02,-19.47,12.45,58.17
2025-02-01,10:28:30,-0.19,-0.23,1.02,-27.28,-2.08,-140.56
2025-02-01,10:28:30,-0.03,1.01,1.04,6.04,2.26,-60.06
2025-02-01,10:28:30,-0.21,0.37,1.02,32.96,14.22,179.81
2025-02-01,10:28:30,-0.12,-0.45,1.12,-22.89,9.89,26.31
2025-02-01,10:28:30,-0.18,-0.05,1.03,-3.72,-2.69,-124.63
2025-02-01,10:28:30,-0.02,0.93,1.04,13.79,-4.82,-47.91
2025-02-01,10:28:30,-0.15,0.43,1.02,29.91,25.51,161.07
2025-02-01,10:28:30,-0.06,-0.47,1.05,-18.68,5.13,53.04
2025-02-01,10:28:30,-0.23,-0.27,1.14,-32.29,-16.36,-140.26
2025-02-01,10:28:30,-0.09,0.72,0.95,8.85,-4.58,-92.96
2025-02-01,10:28:30,-0.13,0.42,0.95,26.67,0.61,189.76
2025-02-01,10:28:30,-0.19,-0.50,1.06,-23.93,13.79,59.69
2025-02-01,10:28:30,-0.19,-0.32,0.94,-28.63,2.14,-146.18
2025-02-01,10:28:30,-0.09,0.66,1.09,8.73,-3.54,-72.14
2025-02-01,10:28:30,-0.16,0.27,0.94,13.61,9.09,134.03
2025-02-01,10:28:30,-0.14,-0.53,1.04,-19.10,6.77,19.53
2025-02-01,10:28:30,-0.20,-0.03,0.98,0.49,6.16,-133.91
2025-02-01,10:28:30,-0.09,0.69,1.02,8.79,8.54,-62.50
2025-02-01,10:28:30,-0.13,0.37,0.89,14.22,16.11,163.82
2025-02-01,10:28:30,-0.15,-0.54,0.92,-29.66,14.59,64.51
2025-02-01,10:28:30,-0.26,-0.50,1.00,-36.38,12.02,-184.75
2025-02-01,10:28:30,-0.14,0.52,0.99,0.85,4.15,-100.40
2025-02-01,10:28:30,-0.13,0.94,0.96,24.11,-0.24,120.54
2025-02-01,10:28:30,-0.23,-0.21,1.02,-15.38,9.58,90.33
2025-02-01,10:28:30,-0.21,-0.57,1.01,-8.30,-5.19,-48.22
2025-02-01,10:28:30,-0.22,0.15,1.02,0.98,3.48,-118.65
2025-02-01,10:28:30,-0.09,0.94,0.96,25.45,6.23,-11.17
2025-02-01,10:28:30,-0.19,0.15,0.96,-8.67,9.40,114.69
2025-02-01,10:28:30,0.00,-0.15,1.08,13.92,-11.84,3.05
2025-02-01,10:28:30,-0.41,0.09,0.99,-4.21,17.82,2.75
2025-02-01,10:28:30,0.17,-0.04,0.99,0.98,10.38,-7.45
2025-02-01,10:28:30,0.25,0.04,0.78,31.07,10.31,15.44
2025-02-01,10:28:30,-0.43,0.27,0.97,106.99,-0.49,39.55
2025-02-01,10:28:30,0.59,-0.36,1.09,-17.21,-11.54,-41.81
2025-02-01,10:28:30,-0.46,-0.05,1.06,8.97,0.00,11.05
2025-02-01,10:28:30,0.35,0.11,0.52,-42.48,84.41,-25.76
2025-02-01,10:28:30,0.16,-0.06,0.73,-2.62,17.40,12.08
2025-02-01,10:28:30,-0.39,-0.20,1.28,20.63,-42.85,-20.02
2025-02-01,10:28:30,0.58,-0.08,1.11,3.05,-39.92,-47.12
2025-02-01,10:28:30,-0.38,0.13,0.72,2.44,82.95,60.18
2025-02-01,10:28:30,0.30,-0.21,1.09,-27.53,20.14,-18.62
2025-02-01,10:28:30,0.08,0.27,0.86,37.17,48.28,70.86
2025-02-01,10:28:30,-0.15,0.26,0.77,-1.28,-8.36,-25.15
2025-02-01,10:28:30,0.36,-0.19,1.23,9.22,-42.97,-15.87
2025-02-01,10:28:30,-0.33,0.22,1.00,28.20,-14.04,39.79
2025-02-01,10:28:30,0.20,-0.11,0.98,4.76,8.79,29.24
2025-02-01,10:28:30,0.01,0.05,1.06,-32.41,10.99,-47.24
2025-02-01,10:28:30,-0.66,0.07,1.15,3.66,-39.49,5.19
2025-02-01,10:28:30,0.24,-0.49,1.42,-18.37,-17.15,-19.41
2025-02-01,10:28:30,-0.20,0.39,0.81,21.55,21.55,29.85
2025-02-01,10:28:30,0.24,0.02,1.01,-3.36,12.45,34.61
2025-02-01,10:28:30,-0.10,-0.13,1.25,1.71,-50.84,-91.13
2025-02-01,10:28:30,-0.70,0.19,1.04,-2.26,-32.23,1.10
2025-02-01,10:28:30,0.38,-0.23,1.12,-3.48,2.50,2.62
2025-02-01,10:28:30,-0.25,0.16,0.85,16.97,76.72,33.45
2025-02-01,10:28:30,0.00,-0.11,1.12,-44.25,-20.94,-24.66
2025-02-01,10:28:30,0.08,-0.05,0.82,12.63,2.56,3.11
2025-02-01,10:28:30,-0.43,-0.01,1.01,9.28,-52.80,0.18
2025-02-01,10:28:30,0.36,-0.01,1.15,0.24,1.28,-6.35
2025-02-01,10:28:30,-0.18,0.03,1.15,9.34,7.63,30.15
2025-02-01,10:28:30,0.22,0.04,0.94,-12.70,41.32,3.48
2025-02-01,10:28:30,0.01,-0.14,0.84,16.78,9.52,-14.34
2025-02-01,10:28:30,-0.14,0.02,0.79,-9.77,29.54,-27.53
2025-02-01,10:28:30,0.45,-0.09,1.09,0.31,-4.39,-21.85
2025-02-01,10:28:30,-0.34,0.10,0.96,5.98,23.19,66.22
2025-02-01,10:28:30,0.24,-0.20,0.96,-29.66,5.49,-47.00
2025-02-01,10:28:30,0.06,-0.25,0.83,6.41,24.54,14.28
2025-02-01,10:28:30,-0.20,-0.02,0.82,9.58,-30.52,-30.46
2025-02-01,10:28:30,0.38,-0.31,1.00,-16.85,-9.22,-45.23
2025-02-01,10:28:30,-0.38,0.09,0.92,-22.40,9.95,27.59
2025-02-01,10:28:30,0.37,-0.14,1.03,-16.42,-27.89,-19.71
2025-02-01,10:28:30,-0.06,-0.30,0.87,26.73,73.55,40.59
2025-02-01,10:28:30,-0.10,0.07,0.68,17.40,9.64,44.56
2025-02-01,10:28:30,0.39,-0.24,1.34,28.50,-57.13,-21.97
2025-02-01,10:28:30,-0.74,-0.40,1.72,-39.55,43.27,-3.05
2025-02-01,10:28:30,0.38,-0.24,0.88,-19.96,40.28,3.66
2025-02-01,10:28:30,-0.01,-0.14,0.87,5.25,32.90,27.83
2025-02-01,10:28:30,-0.03,-0.15,0.83,15.75,-18.80,-45.23
2025-02-01,10:28:30,0.41,-0.16,0.82,-20.87,-4.70,0.98
2025-02-01,10:28:30,-0.64,-0.25,1.64,-40.59,26.12,-33.81
2025-02-01,10:28:30,0.30,0.04,1.27,11.84,36.62,-28.32
2025-02-01,10:28:30,0.14,-0.13,1.09,44.31,-38.09,51.57
2025-02-01,10:28:30,-0.14,-0.13,0.55,12.02,-75.32,-6.23
2025-02-01,10:28:30,0.49,-0.25,1.12,-12.39,-34.79,-57.56
2025-02-01,10:28:30,-0.44,0.09,1.07,-14.83,55.60,38.57
2025-02-01,10:28:30,0.28,-0.03,1.16,-40.16,12.57,-39.06
2025-02-01,10:28:30,-0.03,-0.19,0.97,-1.40,-27.89,9.40
2025-02-01,10:28:30,0.11,0.06,0.62,-19.04,56.58,-30.09
2025-02-01,10:28:30,0.03,-0.01,1.42,-22.58,-105.16,27.22
2025-02-01,10:28:30,-0.35,-0.13,0.94,103.88,-147.71,32.10
2025-02-01,10:28:30,-0.56,-0.22,1.41,-10.56,345.21,-30.52
2025-02-01,10:28:30,-0.34,-0.14,0.03,-4.76,-581.85,82.09
2025-02-01,10:28:30,-0.22,-0.21,-0.11,4.94,531.80,-145.57
2025-02-01,10:28:30,-0.74,-0.01,1.62,-35.03,-205.51,67.20
2025-02-01,10:28:30,0.39,-0.60,-1.24,201.78,112.85,61.40
2025-02-01,10:28:30,-0.91,0.25,1.71,48.77,233.03,-62.07
2025-02-01,10:28:30,0.35,-0.56,-1.32,0.55,71.96,-15.69
2025-02-01,10:28:30,-0.85,0.19,1.87,33.63,190.61,-61.65
2025-02-01,10:28:30,0.35,-0.15,-0.95,-71.84,-374.88,84.72
2025-02-01,10:28:30,-0.57,0.17,0.83,-2.81,593.63,-144.71
2025-02-01,10:28:30,-0.69,0.03,1.21,-0.18,5.80,45.41
2025-02-01,10:28:30,0.29,0.18,-1.11,-12.39,-376.59,21.12
2025-02-01,10:28:30,-0.13,-0.31,-0.17,-5.00,508.00,-158.51
2025-02-01,10:28:30,-0.80,0.14,1.80,-5.80,-29.66,5.25
2025-02-01,10:28:30,0.45,-0.16,-0.48,-57.50,-332.15,45.90
2025-02-01,10:28:30,-0.68,-0.39,0.19,-52.67,661.87,-185.42
2025-02-01,10:28:30,-0.65,0.18,1.48,37.35,126.71,8.85
2025-02-01,10:28:30,0.14,0.25,-0.41,-159.06,-660.58,221.68
2025-02-01,10:28:30,-0.13,-0.18,-0.06,72.14,523.13,-76.11
2025-02-01,10:28:30,-0.71,0.13,1.81,-52.31,-190.37,78.61
2025-02-01,10:28:30,0.89,-0.04,-0.90,106.45,-82.21,22.09
2025-02-01,10:28:30,-0.55,0.18,1.38,62.13,453.12,-41.93
2025-02-01,10:28:30,-0.93,0.34,0.94,-19.65,-701.66,141.78
2025-02-01,10:28:30,0.66,-0.48,-0.68,-42.66,260.62,-52.55
2025-02-01,10:28:30,-0.77,0.34,1.67,2.99,63.96,-9.09
2025-02-01,10:28:30,0.69,0.04,-1.34,56.21,-45.65,-4.94
2025-02-01,10:28:30,-0.42,0.39,1.51,120.24,352.72,14.28
2025-02-01,10:28:30,-0.88,-0.18,1.09,-29.72,-629.58,77.88
2025-02-01,10:28:30,0.34,-0.30,-1.08,-198.12,312.99,-84.90
2025-02-01,10:28:30,-0.73,0.21,1.57,-27.59,40.41,-31.31
2025-02-01,10:28:30,0.45,-0.18,-1.03,-69.95,-134.40,18.01
2025-02-01,10:28:30,-0.39,0.17,0.67,62.32,524.78,-1.40
2025-02-01,10:28:30,-1.12,0.05,2.89,82.34,-528.63,85.63
2025-02-01,10:28:30,0.84,-0.33,-0.95,21.30,49.87,40.95
2025-02-01,10:28:30,-0.43,0.18,1.42,42.91,163.57,-3.66
2025-02-01,10:28:30,0.07,0.02,-0.24,-110.66,-534.73,210.94
2025-02-01,10:28:30,0.13,-0.31,-0.33,-176.51,492.00,-123.23
2025-02-01,10:28:30,-0.67,0.85,1.25,87.10,100.34,101.20
2025-02-01,10:28:30,0.81,-0.38,-0.69,26.98,-53.65,19.96
2025-02-01,10:28:30,-0.47,0.41,1.29,13.85,389.16,-102.23
2025-02-01,10:28:30,0.17,0.23,0.14,-35.03,-419.80,322.69
2025-02-01,10:28:30,0.09,0.11,0.77,0.61,307.13,-104.06
2025-02-01,10:28:30,0.57,-0.09,-0.25,19.17,-277.95,124.21
2025-02-01,10:28:30,-0.38,0.35,1.34,0.92,277.47,-63.48
2025-02-01,10:28:30,0.54,-0.34,-0.58,-17.82,-181.03,6.23
2025-02-01,10:28:30,-0.19,0.08,0.81,-52.67,380.37,-117.86
2025-02-01,10:28:30,-0.04,0.01,0.43,-0.37,-414.37,120.12
2025-02-01,10:28:30,-0.22,0.06,0.56,3.72,482.30,-176.39
2025-02-01,10:28:30,-1.13,0.62,1.59,76.42,-630.43,253.97
2025-02-01,10:28:30,0.54,-0.60,-1.31,-55.18,209.96,-106.69
2025-02-01,10:28:30,-0.46,0.44,1.71,-27.04,42.36,-73.00
2025-02-01,10:28:30,0.49,-0.26,-0.87,-1.10,-233.89,-12.57
2025-02-01,10:28:30,-0.49,0.18,1.26,-51.51,500.85,-116.21
2025-02-01,10:28:30,-0.07,0.03,0.99,-4.76,-487.98,161.93
2025-02-01,10:28:30,0.49,0.13,-0.57,-56.82,386.78,-25.09
2025-02-01,10:28:30,-1.23,0.10,2.21,24.29,-684.69,198.24
2025-02-01,10:28:30,1.00,0.05,-0.78,2.99,-82.21,19.17
2025-02-01,10:28:30,-0.36,0.14,1.50,-2.69,145.69,-40.65
2025-02-01,10:28:30,0.67,0.07,-0.38,-5.86,-125.55,-48.03
2025-02-01,10:28:30,-0.17,0.08,1.22,77.21,363.53,-22.40
2025-02-01,10:28:30,0.62,-0.30,0.03,-43.40,-180.30,-0.06
2025-02-01,10:28:30,0.21,0.13,0.97,-28.38,-17.76,13.18
2025-02-01,10:28:30,0.19,0.09,0.99,53.83,-20.14,47.42
2025-02-01,10:28:30,-0.00,-0.47,0.63,90.39,13.55,17.21
2025-02-01,10:28:30,-0.10,-0.99,0.38,1.16,-2.69,-8.00
2025-02-01,10:28:30,-0.03,-0.28,0.94,-111.76,12.27,-12.08
2025-02-01,10:28:30,-0.21,0.06,1.09,-2.08,21.42,4.03
2025-02-01,10:28:30,-0.15,0.11,0.90,2.26,-31.37,39.25
2025-02-01,10:28:30,-0.04,0.02,1.05,9.58,26.31,-1.53
2025-02-01,10:28:30,0.02,0.01,1.01,2.62,-5.19,-2.87
2025-02-01,10:28:30,0.06,0.05,1.00,-2.26,1.95,10.01
2025-02-01,10:28:30,0.02,-0.01,1.06,-63.48,4.46,26.25
2025-02-01,10:28:30,0.00,0.09,0.98,79.59,-16.36,-2.56
2025-02-01,10:28:30,-0.03,0.07,1.01,-80.69,15.93,5.92
2025-02-01,10:28:30,0.01,-0.23,0.96,68.54,3.05,-12.70
2025-02-01,10:28:30,0.05,0.30,0.90,15.26,-11.96,-4.58
2025-02-01,10:28:30,0.03,0.01,1.15,-115.91,-9.70,4.03
2025-02-01,10:28:30,0.02,-0.20,1.02,129.88,19.17,-5.68
2025-02-01,10:28:30,0.03,0.26,0.98,-41.93,11.96,5.80
2025-02-01,10:28:30,0.01,-0.36,0.92,-72.27,-10.38,10.62
2025-02-01,10:28:30,-0.01,0.05,0.94,175.54,-13.67,3.17
2025-02-01,10:28:30,-0.03,0.10,0.98,-161.74,21.30,-0.61
2025-02-01,10:28:30,-0.04,-0.07,0.98,60.30,16.11,0.31
2025-02-01,10:28:30,0.03,0.39,0.94,-21.12,1.16,1.22
2025-02-01,10:28:30,-0.02,0.24,0.99,107.79,-22.40,1.16
2025-02-01,10:28:30,-0.02,-0.50,0.86,55.54,3.85,5.55
2025-02-01,10:28:30,0.00,0.29,0.94,-251.40,28.44,-8.97
2025-02-01,10:28:30,-0.02,0.17,1.04,146.18,-22.16,9.40
2025-02-01,10:28:30,-0.01,-0.44,0.86,10.56,-0.24,1.77
2025-02-01,10:28:30,0.02,0.50,0.85,-41.87,5.86,5.07
2025-02-01,10:28:30,-0.09,0.05,1.02,-15.26,18.92,14.04
2025-02-01,10:28:30,-0.04,0.13,1.03,-101.68,22.34,16.42
2025-02-01,10:28:30,-0.05,0.25,1.00,181.27,-16.54,2.38
2025-02-01,10:28:30,-0.05,-0.18,0.96,-213.26,-26.55,11.23
2025-02-01,10:28:30,0.02,0.68,0.67,134.64,-39.31,-12.70
2025-02-01,10:28:30,-0.07,-0.18,0.98,65.98,-0.92,-5.00
2025-02-01,10:28:30,-0.08,0.21,0.90,-221.37,43.88,1.65
2025-02-01,10:28:30,-0.01,0.57,0.79,141.72,-15.44,1.89
2025-02-01,10:28:30,-0.06,-0.32,0.98,39.98,9.70,-5.13
2025-02-01,10:28:30,-0.07,0.11,1.00,-90.21,21.42,11.11
2025-02-01,10:28:30,0.03,0.66,0.71,43.82,-3.42,-2.93
2025-02-01,10:28:30,-0.08,-0.07,1.00,84.84,14.83,4.46
2025-02-01,10:28:30,-0.09,-0.05,1.23,-166.93,12.51,3.54
2025-02-01,10:28:30,0.01,0.62,0.75,159.97,-23.80,-1.53
2025-02-01,10:28:30,-0.08,-0.31,0.94,18.01,0.61,2.20
2025-02-01,10:28:30,-0.01,0.53,0.82,-110.96,18.62,-0.85
2025-02-01,10:28:30,-0.08,0.19,0.95,109.62,-24.41,3.66
2025-02-01,10:28:30,-0.06,-0.38,0.90,-0.67,-3.23,3.17
2025-02-01,10:28:30,0.01,0.74,0.66,-50.96,5.31,2.93
2025-02-01,10:28:30,-0.13,-0.22,1.21,55.66,29.60,40.83
2025-02-01,10:28:30,0.09,0.69,0.80,-138.49,-5.62,14.34
2025-02-01,10:28:30,-0.14,-0.38,0.95,48.10,-8.36,-0.61
2025-02-01,10:28:30,0.01,0.30,0.96,-84.29,12.45,8.54
2025-02-01,10:28:30,-0.06,0.51,0.84,-111.27,-10.07,1.95
2025-02-01,10:28:30,-0.08,0.71,0.68,183.72,-20.08,-3.91
2025-02-01,10:28:30,-0.18,-0.10,0.91,53.89,9.64,16.05
2025-02-01,10:28:30,-0.09,0.51,0.84,-123.11,23.86,-3.17
2025-02-01,10:28:30,-0.09,0.73,0.67,117.74,-27.53,-1.22
2025-02-01,10:28:30,-0.17,0.36,1.04,-43.52,34.24,0.85
2025-02-01,10:28:30,0.22,0.49,1.09,-72.75,234.56,-23.93
2025-02-01,10:28:30,0.48,-0.10,-0.88,-17.94,108.89,8.36
2025-02-01,10:28:30,-0.29,0.30,1.45,114.99,-377.75,80.38
2025-02-01,10:28:30,0.50,-0.00,-0.13,-45.04,369.45,-144.35
2025-02-01,10:28:30,0.29,-0.26,-0.45,-84.29,-465.88,90.39
2025-02-01,10:28:30,-0.14,0.10,1.12,50.54,388.61,-17.52
2025-02-01,10:28:30,0.19,-0.49,-1.27,30.03,-145.69,15.20
2025-02-01,10:28:30,-0.43,0.26,1.60,-12.57,-17.76,22.22
2025-02-01,10:28:30,0.44,-0.05,-0.51,-62.81,345.34,71.41
2025-02-01,10:28:30,-0.25,0.19,0.78,87.22,-688.96,97.35
2025-02-01,10:28:30,0.24,-0.28,-0.11,96.13,471.25,-74.58
2025-02-01,10:28:30,0.18,-0.20,-0.30,-76.54,-504.58,138.67
2025-02-01,10:28:30,-0.19,-0.02,0.44,9.83,562.50,-59.14
2025-02-01,10:28:30,0.16,-0.65,-0.61,-68.97,-265.50,152.95
2025-02-01,10:28:30,-0.49,0.04,1.06,12.21,585.88,-89.48
2025-02-01,10:28:30,-0.13,-0.77,-0.87,23.86,-256.77,42.79
2025-02-01,10:28:30,-0.06,0.21,1.64,27.10,-48.58,-8.79
2025-02-01,10:28:30,-0.05,-0.92,-1.27,-44.49,128.23,-78.74
2025-02-01,10:28:30,0.03,0.18,1.92,-69.95,-284.55,42.60
2025-02-01,10:28:30,0.32,-0.54,-0.40,-23.01,321.96,-174.87
2025-02-01,10:28:30,-0.13,0.20,0.40,210.75,-529.79,361.94
2025-02-01,10:28:30,0.10,-0.20,-0.00,-70.80,497.38,-186.95
2025-02-01,10:28:30,-0.36,-0.90,-0.66,-59.57,-301.64,158.94
2025-02-01,10:28:30,-0.26,0.08,1.60,27.34,196.72,-22.89
2025-02-01,10:28:30,-0.42,-1.50,-0.82,0.24,-21.79,-16.85
2025-02-01,10:28:30,0.13,0.36,1.61,-24.96,9.52,42.42
2025-02-01,10:28:30,-0.26,-1.10,-0.99,-68.79,174.80,-137.33
2025-02-01,10:28:30,-0.39,0.44,1.42,192.63,-483.52,222.66
2025-02-01,10:28:30,0.10,-0.55,-0.59,21.42,284.42,-145.81
2025-02-01,10:28:30,0.00,0.07,0.29,239.87,-467.47,277.10
2025-02-01,10:28:30,0.66,0.10,-0.31,-30.70,328.25,31.56
2025-02-01,10:28:30,0.04,-0.28,-0.86,-76.42,-419.98,145.69
2025-02-01,10:28:30,-0.09,-0.01,0.95,-50.90,425.90,-103.45
2025-02-01,10:28:30,-0.29,-0.64,-1.17,23.68,-199.22,54.44
2025-02-01,10:28:30,-0.29,0.00,1.75,-46.20,447.51,-67.50
2025-02-01,10:28:30,-0.37,-0.43,-1.41,-40.83,-103.58,24.23
2025-02-01,10:28:30,-0.28,0.10,1.75,2.69,99.43,29.05
2025-02-01,10:28:30,-0.24,-1.45,-0.48,-36.56,42.48,-35.22
2025-02-01,10:28:30,-0.03,0.15,1.82,132.93,-35.03,72.20
2025-02-01,10:28:30,-0.25,-0.47,-1.25,8.00,9.40,-4.94
2025-02-01,10:28:30,-0.54,0.14,2.21,128.48,-435.73,106.81
2025-02-01,10:28:30,-0.21,-0.53,-1.46,-139.65,332.34,-81.91
2025-02-01,10:28:30,-0.10,0.12,1.33,138.37,-427.49,102.48
2025-02-01,10:28:30,-0.50,-1.12,-0.84,-236.02,318.54,-290.16
2025-02-01,10:28:30,0.19,0.47,0.75,199.04,-374.88,418.70
2025-02-01,10:28:30,0.13,-0.42,-0.47,-131.47,410.03,-311.83
2025-02-01,10:28:30,0.37,-0.03,0.10,192.20,-328.25,310.79
2025-02-01,10:28:30,0.76,0.14,0.13,46.39,279.17,19.65
2025-02-01,10:28:30,0.31,-0.26,-0.84,-161.87,-229.06,158.14
2025-02-01,10:28:30,-0.09,0.23,1.43,-31.25,319.03,-113.71
2025-02-01,10:28:30,-0.42,-0.62,-1.26,0.12,-75.81,42.85
2025-02-01,10:28:30,-0.00,0.11,1.15,192.63,-321.96,227.66
2025-02-01,10:28:30,-0.02,-0.07,-0.90,-165.83,404.85,-121.83
2025-02-01,10:28:30,0.47,0.02,0.42,11.78,-362.55,199.34
2025-02-01,10:28:30,0.37,0.01,0.44,-3.97,417.30,-116.88
2025-02-01,10:28:30,0.28,-0.28,-0.33,-45.96,-381.59,216.55
2025-02-01,10:28:30,-0.13,0.03,1.10,-36.80,414.25,-125.00
2025-02-01,10:28:30,0.02,-0.87,-0.84,22.89,-87.40,67.20
2025-02-01,10:28:30,-0.49,0.13,1.99,83.07,-17.88,58.23
2025-02-01,10:28:30,0.25,-1.19,-0.35,-195.86,118.96,-203.00
2025-02-01,10:28:30,0.23,0.03,0.68,200.32,-446.78,330.75
2025-02-01,10:28:30,-0.12,0.25,1.14,-4.33,-30.52,-1.10
2025-02-01,10:28:30,-0.16,0.01,0.92,-22.64,30.70,-21.18
2025-02-01,10:28:30,-0.19,-0.09,0.96,14.47,-2.44,6.29
2025-02-01,10:28:30,-0.13,0.00,0.99,2.56,32.29,-19.90
2025-02-01,10:28:30,0.00,0.00,1.00,0.18,0.43,-1.59
2025-02-01,10:28:30,0.03,0.01,1.01,0.24,0.00,-0.18
2025-02-01,10:28:30,0.03,0.01,1.01,0.18,-0.06,-0.18
2025-02-01,10:28:30,0.03,0.01,1.01,0.18,-0.12,-0.12
2025-02-01,10:28:30,0.03,0.01,1.01,0.18,-0.06,-0.18
2025-02-01,10:28:30,0.02,0.00,1.01,0.24,-0.12,-0.18
2025-02-01,10:28:30,0.02,0.01,1.01,0.18,-0.06,0.06
2025-02-01,10:28:30,0.03,0.00,1.01,0.18,0.00,-0.12
2025-02-01,10:28:30,0.03,0.01,1.01,0.12,0.00,-0.12
2025-02-01,10:28:30,0.03,0.01,1.01,0.24,0.00,-0.12
2025-02-01,10:28:30,0.02,0.01,1.01,0.24,-0.06,-0.18
2025-02-01,10:28:30,0.03,0.00,1.01,0.24,0.06,-0.18
2025-02-01,10:28:30,0.03,0.01,1.01,0.18,0.00,-0.18
2025-02-01,10:28:30,0.00,0.00,0.00,0.00,0.00,0.00
2025-02-01,10:28:30,0.03,0.01,1.01,0.18,0.00,-0.18
2025-02-01,10:28:30,0.03,0.01,1.01,0.06,0.00,-0.06
2025-02-01,10:28:30,0.03,0.01,1.01,0.12,-0.06,-0.18
2025-02-01,10:28:30,0.03,0.01,1.01,0.12,-0.06,0.00
2025-02-01,10:28:30,0.03,0.01,1.01,0.12,0.00,-0.12
2025-02-01,10:28:30,0.03,0.01,1.01,0.12,0.00,-0.18
2025-02-01,10:28:30,0.03,0.01,1.01,0.18,0.00,-0.18
2025-02-01,10:28:30,0.03,0.01,1.01,0.18,-0.06,-0.12
2025-02-01,10:28:30,0.03,0.01,1.01,0.12,-0.06,-0.12
2025-02-01,10:28:30,0.03,0.01,1.01,0.12,0.00,-0.12
2025-02-01,10:28:30,0.03,0.01,1.01,0.18,0.00,-0.12
2025-02-01,10:28:30,0.03,0.01,1.01,0.12,-0.18,-0.12
2025-02-01,10:28:30,0.03,0.01,1.01,0.18,0.00,-0.12
2025-02-01,10:28:30,0.03,0.01,1.01,0.12,0.00,-0.12
2025-02-01,10:28:30,0.03,0.01,1.01,0.18,-0.06,-0.12
2025-02-01,10:28:30,0.03,0.01,1.01,0.12,0.06,-0.18
2025-02-01,10:28:30,0.03,0.01,1.01,0.06,-0.06,-0.18
2025-02-01,10:28:30,0.03,0.01,1.01,0.12,0.06,-0.06
2025-02-01,10:28:30,0.03,0.01,1.01,0.12,-0.06,-0.18
2025-02-01,10:28:30,0.03,0.02,1.01,0.00,0.00,-0.06
2025-02-01,10:28:30,0.03,0.01,1.01,0.06,-0.12,-0.18
2025-02-01,10:28:30,0.03,0.01,1.01,0.06,0.06,-0.24
2025-02-01,10:28:30,0.03,0.01,1.01,0.18,-0.06,-0.12
2025-02-01,10:28:30,0.03,0.01,1.01,0.06,0.00,-0.12
2025-02-01,10:28:30,0.03,0.01,1.01,0.06,0.00,-0.12
2025-02-01,10:28:30,0.03,0.01,1.01,0.12,0.00,-0.12
2025-02-01,10:28:30,0.03,0.01,1.01,0.06,0.06,-0.12
2025-02-01,10:28:30,0.03,0.01,1.01,0.18,0.00,-0.12
2025-02-01,10:28:30,0.03,0.01,1.01,0.12,-0.06,-0.12
2025-02-01,10:28:30,0.03,0.01,1.01,0.06,0.00,-0.24
2025-02-01,10:28:30,0.03,0.01,1.01,0.18,0.00,-0.12
2025-02-01,10:28:30,0.03,0.01,1.01,0.18,0.06,-0.12
2025-02-01,10:28:30,0.03,0.01,1.01,0.12,-0.12,-0.18
2025-02-01,10:28:30,0.09,-0.02,1.01,-2.93,0.79,-40.83
2025-02-01,10:28:30,-0.10,0.72,0.74,-82.76,26.61,80.99
2025-02-01,10:28:30,0.05,0.64,0.67,82.95,35.16,13.37